run,ay2,ay3,CLM_pop,CLP_pop,corr_f_m_CLP,corr_f_m_V_2,corr_f_m_V_3,corr_V_2_CLP,corr_V_3_CLP,corr_V_3_V_2,f_m_pop,k_a_pop,omega_CLP,omega_f_m,omega_V_2,omega_V_3,Q_25_pop,Q_34_pop,V_2_pop,V_3_pop,V_4_pop
1711287170_77755,0.594503665835938,0.507946024472337,8.42923834603243,4.62624766124971,-0.912777740670325,-0.929211363957264,-0.935997887483249,0.929649416751573,0.894422338220778,0.95796710538133,-1.56065,-2.75966718138548,0.939847462817079,1.0829434544247,1.04249319687599,1.01065772835041,-0.778979514487213,9.12157236279096,7.74073619975932,13.4939663293988,19.3794734928606
1711315283_94952,0.604489497018337,0.514768284816468,2.30254277791277,4.76651167788151,-0.899791370137785,-0.928351147796422,-0.936458385225924,0.929112388936881,0.878336889422882,0.954714304746598,-1.56065,-2.74405586168688,0.841182596534061,1.06697774361881,0.953082740928195,0.9863390197325,-0.696667081247033,3.07900796900038,7.84182439331598,7.428573213886,13.3472523604232
1711288962_04249,0.596147369747219,0.508942119851932,3.35288990017075,4.63244193818979,-0.927203555310755,-0.930986889031129,-0.939570206894474,0.936371492408957,0.904579074068837,0.953934139787054,-1.56065,-2.66610436736143,0.943083367797044,1.10645785748694,1.04581170948161,1.00984309276937,-0.814147430527819,3.86778806771757,7.75385523524154,8.3129731630508,14.1210868926155
1711296960_48587,0.601996661328171,0.517872259597764,2.35081479489327,4.66135938895071,-0.923299419664862,-0.937508002363541,-0.940107394570211,0.933626449054512,0.899323226260129,0.954712199512454,-1.56065,-2.82229000246446,0.887032551527051,1.03911799030208,0.996997717456308,0.996903484741978,-0.768147310938304,2.89760598584515,7.785103316479,7.2993369988314,12.9885498435253
1711288401_19546,0.596106059276743,0.508589289100359,3.11263479931536,4.79622371162382,-0.879787421658394,-0.912730042699441,-0.936304257664824,0.937400733766757,0.878158594454649,0.949760725701749,-1.56065,-2.70139318238553,0.852300119201579,1.10394922593,0.983057464264713,1.00285721571696,-0.800582893038687,3.40853731227458,7.85590081698366,7.94781155241126,13.5628181190589
1711318353_87488,0.601870789929213,0.511620592046068,2.2084163716018,4.7113812331172,-0.890655583810872,-0.925604223807049,-0.931583875861405,0.928612115035841,0.876921953480686,0.955754373720792,-1.56065,-2.73055142958003,0.867901067185841,1.03554231965277,0.981905623969186,0.973887113190559,-0.699041013479284,2.43557227696243,7.78705131620856,6.99169385635875,12.5216564193669
1711332034_96173,0.601552424299466,0.508085094839633,6.10695399464593,4.74998227232176,-0.888067715215341,-0.925427709378881,-0.937673813572883,0.934952850868642,0.866858489292464,0.945409301989515,-1.56065,-2.76211283956361,0.837248583110661,1.07790417689033,0.980829785527498,1.01995629416539,-0.766592613126051,6.96143075757386,7.80938187874614,11.2761293739594,17.3060742090108
1711301731_96602,0.604703761874951,0.509512119943881,1.518743558755,4.74963845296943,-0.905522921463517,-0.925677796043269,-0.927538311307752,0.929390389546023,0.881692565618773,0.956494042136194,-1.56065,-2.69553112374504,0.849322628631336,1.047431219717,0.96464215295162,0.959856206536973,-0.673208340921967,1.76757380197917,7.82510992698357,6.33368377235609,11.8659314765816
1711298114_70195,0.604350336145352,0.509931566228469,1.80281924134615,4.71033557711124,-0.914343675846345,-0.932966388516027,-0.934720509985925,0.943262599731876,0.900713149094401,0.957437509299298,-1.56065,-2.69833450116433,0.877524023173843,1.05889322170695,1.01416965491975,1.01662298157257,-0.779947450048937,2.18809736479784,7.80778950467321,6.67924708554844,12.3437850197113
1711302154_34483,0.60173440131809,0.507122114342294,6.67705084950124,4.74811668895152,-0.912535880548892,-0.93864098175811,-0.936062284510926,0.935366641722746,0.87717696082273,0.953487164650123,-1.56065,-2.64436115933274,0.892839499804462,1.10179326368355,1.01789348992168,0.993213605664525,-0.753568931283389,7.07668618923787,7.78931246943976,11.5739986846468,17.3292407450719
1711313869_16762,0.597967557207829,0.509393021043889,2.90292800008141,4.64099242954577,-0.92982224011712,-0.919316681429731,-0.935418007011793,0.931583848216927,0.91000776726903,0.954186382304278,-1.56065,-2.65558801686642,0.940990535660031,1.07510549292433,1.00117668945102,0.97000003682306,-0.746945471813508,3.68328228686955,7.77595363932857,8.04926968095947,14.0262983016043
1711294409_34047,0.599091815531967,0.508943585270961,1.80298689599931,4.57277491370935,-0.910920644609884,-0.909340047713389,-0.935461345548436,0.927533240395281,0.903585651469246,0.953397737958531,-1.56065,-2.66797211345204,0.963809380627938,1.10411058972125,1.03659505102376,0.975423433761435,-0.75808669807937,2.1109322920679,7.72238901621423,6.65421288538145,12.2708579587749
1711330903_81433,0.603791477000387,0.505592212997995,2.43590245166946,4.82389597931656,-0.89816214460595,-0.921382202155231,-0.938026865155682,0.93790681667661,0.890316003790257,0.951504018820323,-1.56065,-2.71809914094242,0.802342621828127,1.09106812317985,0.962534297538634,1.01863355862565,-0.725974357018612,3.3761885232251,7.85900577689495,7.6707716946677,13.79323312818
1711284070_74856,0.602219774347594,0.508848658317551,2.69374914786534,4.7157255877405,-0.903484042517139,-0.919558210238838,-0.934701571155485,0.93166902887331,0.889143023707717,0.95272875562513,-1.56065,-2.71709732919933,0.855789321170574,1.06014114418725,1.00191594411607,0.970627462865201,-0.689439991060767,4.14560594880147,7.78489889793375,8.33287720928394,14.6245200047688
1711336407_26369,0.595012399604096,0.509018260129659,7.02235174847262,4.67586575342589,-0.922365824038928,-0.936690718265279,-0.939407781367695,0.934623217699689,0.894232291590608,0.95409001252003,-1.56065,-2.73165501556188,0.955559792589986,1.0726841266025,1.03578011006604,1.00515571995808,-0.850640642078171,8.72962616350673,7.7765939392388,12.8565211911822,19.3124880281148
1711296274_78721,0.601050110367441,0.50594242808735,3.6888450127529,4.74829719771317,-0.907393588900369,-0.927034847582533,-0.935570146414768,0.936398490435207,0.895672367377,0.957523903509548,-1.56065,-2.71312053053618,0.892902875206682,1.08588438654047,1.01251880528376,1.03082457469634,-0.820345336474797,4.13740032667092,7.83898424519298,8.60440253923059,14.3767138063291
1711326889_44636,0.598264460142695,0.506864610155406,4.89754030619706,4.65150232364121,-0.920986484591537,-0.922123177560619,-0.935975444563284,0.950126555979547,0.92324253081333,0.962233739376838,-1.56065,-2.6803887784616,0.96401401762279,1.07345350307164,1.10885483624437,1.00417053038079,-0.82803926466484,5.43917822209453,7.75894227370133,9.88123955666035,15.6955263816156
1711284207_74155,0.598385663915097,0.507157374984612,3.04402662566513,4.67105585084028,-0.918895827006458,-0.924494792647379,-0.933451342208745,0.935450202435009,0.901235678504799,0.956435402968075,-1.56065,-2.67140943840929,0.923521239571551,1.08180858484943,1.00581453493756,0.987446857262063,-0.807860703482681,3.44589180721413,7.78679964735471,7.93090760254927,13.6403659660456
1711333083_95677,0.602492904960434,0.513659491393581,2.83819357121857,4.83203160767194,-0.87656464308152,-0.91336486248176,-0.93518099831386,0.928181331036923,0.866523580820929,0.94771069169664,-1.56065,-2.73266119426121,0.811267157164413,1.06387044144543,0.93483857202519,1.00576093685919,-0.712214510930325,3.07778282844949,7.90566795593115,7.62814780152045,13.1312360515061
1711311966_55816,0.594667766711989,0.503277272111152,-0.229416312304503,4.65504268540308,-0.926703344551219,-0.942667555746361,-0.937573386251243,0.942904162036781,0.894860328205322,0.957599886819151,-1.56065,-2.68420906763809,0.992598404578735,1.09170932716932,1.12033342397076,1.0168077236177,-0.854171966016989,-0.21042422807,7.72831740957273,4.44366599700585,9.87078782051167
1711298757_49741,0.593528070156867,0.508150675169887,2.93711192196058,4.609864479775,-0.929319915198976,-0.927146995313383,-0.94079443072232,0.941255945484716,0.918742232547182,0.957108980155506,-1.56065,-2.66397985165945,0.972812695495187,1.10370392086469,1.06332796658584,1.01937479462739,-0.880538640777153,3.30677313056806,7.7296999296887,7.80085595678645,13.5708064457835
1711307143_72085,0.597582853625044,0.507815050327517,3.41338196100047,4.64740492233064,-0.921219020042144,-0.919967939120773,-0.938246538360776,0.93440040135362,0.916839416247774,0.957358028279385,-1.56065,-2.63673475488147,0.944832607418672,1.11899214882818,1.04869751617121,1.00903786253028,-0.797595222637573,3.76003630269284,7.76158166211747,8.27776546346996,13.965994454301
1711303905_35741,0.603219467482902,0.50914188970701,3.33023646489145,4.7383479351684,-0.890348057937833,-0.923527794743964,-0.938106691697643,0.941605764277602,0.891472119645704,0.953634504385508,-1.56065,-2.7247426746554,0.891548644103731,1.05015673672692,1.0465006848791,1.00082777222968,-0.710937330138891,3.6242380270988,7.78299295164285,8.14320440906186,13.7454816754672
1711300142_06698,0.599494780339216,0.507268198416879,2.90620000497696,4.7093439471794,-0.914013197910916,-0.930901715904692,-0.934643728816837,0.933599361596769,0.889465757892799,0.953773329727948,-1.56065,-2.68221895358104,0.906110973384093,1.07309972478151,1.02077970569615,1.00868227335528,-0.713756059134757,3.2145846769416,7.78453308552097,7.7292715295177,13.3352095810097
1711314212_10322,0.600184629890369,0.508199939810071,1.77327184607701,4.67260073138372,-0.921560991085869,-0.939058041461115,-0.935274565318862,0.935728192586465,0.890709482388924,0.957221553779682,-1.56065,-2.67498788379584,0.94993356325494,1.08448352337354,1.05186483672376,0.999828217375131,-0.743598491014586,2.22658096121229,7.74868238939869,6.68960394283103,12.4282713600654
1711341130_88399,0.601044287957066,0.512279732540734,3.21293839177852,4.68102074847956,-0.918047717812419,-0.914526071831894,-0.936747921946269,0.928714576333498,0.905921700015042,0.951721364362507,-1.56065,-2.67816427997976,0.871555294036964,1.08882183765415,0.961147518711653,0.982092004541377,-0.741382624549066,3.65785374846249,7.80059147960451,8.13411316858534,13.8513762124529
1711330544_82371,0.601533872400804,0.507993612997579,2.85680419798906,4.76777532080607,-0.89864518394149,-0.920664563442334,-0.93542952751866,0.93617939308975,0.88865966059544,0.952059139248882,-1.56065,-2.72349983384973,0.84344438095958,1.04605216582014,0.995146236595293,0.98497021488646,-0.71836720563825,3.59404665665178,7.82408037077828,7.95734818479124,13.890048564923
1711316676_01666,0.601046585628757,0.51263057474889,2.17754267821992,4.78036550443054,-0.920658159891349,-0.930603422568793,-0.937024545035933,0.933708869710265,0.89936683573911,0.956151566345705,-1.56065,-2.71534535383219,0.872267847517919,1.05911384562531,1.00525662854286,0.994465922766266,-0.7212894479425,0.213569412295636,7.84836419131406,6.27527444879118,8.60408229917645
1711284935_35543,0.603858712847086,0.510487963140821,2.75434771324214,4.7335401539703,-0.885078991634986,-0.923656548386293,-0.927552520532739,0.924845429506797,0.861619596333948,0.951772690321329,-1.56065,-2.68596471855367,0.887632460848793,1.04232318012111,0.993896036606262,0.945796740640179,-0.681786043788187,3.29069378910081,7.79787586580786,7.74019838770648,13.5226738219161
1711338841_50515,0.599543962267012,0.506660253360876,2.77477382666538,4.59878753263184,-0.913095201141261,-0.923645560395323,-0.938757852157009,0.933267703614308,0.898673555057397,0.952847175895736,-1.56065,-2.68625024003501,0.91673345155058,1.08065985132876,1.02722779301031,0.988606259436109,-0.749077903723337,3.20952963927712,7.70929792827894,7.6900734266282,13.4690818061197
1711315164_04538,0.607535220111289,0.510720079857423,1.74523694167959,4.81358694492045,-0.923777492081236,-0.939945306726592,-0.935509310043219,0.927347282284022,0.888926838036276,0.957235608126827,-1.56065,-2.75192292408431,0.793838409235884,1.03995369228906,0.949408313217385,1.00271777132027,-0.73082830126364,2.27857668094674,7.86884028074184,6.69650359971127,12.4603457788796
1711304405_77453,0.599027960100584,0.510362968076448,3.24740152144215,4.67427841425833,-0.917218203288359,-0.917015491904415,-0.932229363945174,0.926920740257962,0.893742533069615,0.94997741262816,-1.56065,-2.73972691723896,0.889023632507296,1.05710347494248,0.991309074820441,0.979797606483504,-0.689245060584958,3.58102209079561,7.78917711022637,8.09502014330557,13.6627874781898
1711285094_83222,0.60256572977794,0.512188368715343,3.37421332769351,4.76657220153419,-0.897063403162297,-0.926181532668773,-0.928585986824351,0.927421639285591,0.873933347588388,0.951825426260988,-1.56065,-2.69570770676237,0.841990897062585,1.03962930207812,0.967205088495418,0.965018735031212,-0.691673717224192,3.87814301407854,7.82727450304557,8.33617326871943,14.0639606828851
1711294125_41651,0.593963543877254,0.509471634802335,5.06703483834452,4.64739009351726,-0.926038026687523,-0.928174675489676,-0.938950032865328,0.945611864361034,0.919968383700386,0.96128707167379,-1.56065,-2.64929563808784,0.981904738747621,1.09623067596548,1.10398381875378,1.02629913492606,-0.840110099852891,5.66023353730982,7.76064303849598,10.0750095915778,15.9548878708602
1711314758_45181,0.603178743851957,0.516821559287876,3.99727945277491,4.75284450972449,-0.875524824874233,-0.903284980805878,-0.923850786664037,0.92909914995572,0.873309106447845,0.949965512874432,-1.56065,-2.75848560677526,0.844973247867329,1.00283792972056,0.97004949102627,0.916113708756185,-0.652988452785848,4.7910147202922,7.82297388184751,9.14997095467039,15.020146075558
1711295576_4064,0.599991059417618,0.512352857572306,4.29358847910562,4.65804334912735,-0.910399018591963,-0.915739702108893,-0.933713921729854,0.921710347565694,0.897466997060254,0.956662558649011,-1.56065,-2.67440105800164,0.873725292736853,1.08134865530037,0.967407249736585,0.976533878902494,-0.68180008380131,4.66087415943138,7.76217058354969,9.16613395649374,14.8231507612542
1711291447_64137,0.600751624648683,0.508717892134027,3.5036866929638,4.68037716402088,-0.909318311027688,-0.910243921857001,-0.931242204352806,0.924792567600024,0.899742548797964,0.953325912156358,-1.56065,-2.70303326839297,0.868217027665488,1.08002673361523,0.976865495082985,0.969390097933586,-0.675215489214925,3.89874018840224,7.7914691242674,8.40555710259782,14.054582543795
1711290208_6337,0.604049788809253,0.514662688999539,2.09696351682088,4.5614103407529,-0.915255493452777,-0.921528576499045,-0.93283100099541,0.933329493494454,0.885020838551548,0.948831653249073,-1.56065,-2.69748496867764,0.972403822802616,1.07970587489123,1.03124656395341,0.958389617290013,-0.682593160799151,2.4203771672139,7.68584878014638,6.94216126844694,12.5084817368438
1711300645_52331,0.601821171415002,0.507873005635171,0.220380428847234,4.65132449549129,-0.918859356427191,-0.930700785759438,-0.933119386864363,0.940481991425131,0.902975518030436,0.958525634984969,-1.56065,-2.67400923545504,0.967712964300732,1.0545627382687,1.06988421846886,0.968054757992302,-0.758791037629012,5.01658949152098,7.75543218353856,9.00704508174416,15.7225642530037
1711315683_6956,0.596906494189899,0.509462527669407,2.50394747062526,4.67809017853746,-0.911284545147423,-0.911835129711505,-0.935132259008603,0.936562634474143,0.913052042314558,0.954410746028045,-1.56065,-2.70665020178032,0.92503219112731,1.08773264143726,1.04442186516754,0.990860681306353,-0.78219569717127,3.05977975308967,7.78401938087008,7.49824798543666,13.3137957602646
1711322656_33535,0.60072053534015,0.513700421543604,5.22765579482395,4.71622982384709,-0.909914288721424,-0.913452764630321,-0.934178986553514,0.948770025423601,0.917210880444701,0.956683915510464,-1.56065,-2.7162549179008,0.901414408505215,1.06115385468033,1.05702485669072,1.01512526954239,-0.859445861643222,5.79631974203985,7.82902821917066,10.2182919805049,16.0052055423729
1711343948_84567,0.603914149472038,0.507617959376165,2.09463012003157,4.67664642910047,-0.912532622627488,-0.926496848037465,-0.930874589507771,0.937832541424206,0.896915397067314,0.955424685805998,-1.56065,-2.70413774938703,0.916541240163922,1.04549582362282,1.03808266865386,0.980768800113652,-0.70841186033923,2.35165782220308,7.76799972474143,6.89990375669333,12.4502761727581
1711342406_91617,0.600086177054094,0.509452641507758,3.95324332873809,4.73178444314511,-0.905411539194213,-0.902465633785621,-0.934392565428622,0.91424977725129,0.891662403031831,0.947612663953673,-1.56065,-2.66316263115259,0.806593647164503,1.0911325116265,0.888496374263717,0.983771506893989,-0.652639904501538,4.78455630513979,7.85019394416183,9.12580052549986,15.1096852878111
1711284207_8209,0.603328614016548,0.508079519558293,2.76436991558508,4.65161470505642,-0.918780132536313,-0.922910344210813,-0.933874330811786,0.947367673185157,0.922943455620131,0.962679287769378,-1.56065,-2.67482299799993,0.943801697876152,1.07554094502813,1.09150983411275,1.03568647919816,-0.853891609543886,3.108035366642,7.78323590641123,7.61580814627633,13.2254644320743
1711316298_3236,0.594292626199872,0.512391106472997,4.4862109940997,4.65946467246219,-0.91898057399665,-0.934379457149872,-0.938420135693556,0.937815084218693,0.898038687315298,0.956241155951881,-1.56065,-2.68361255234328,0.956393019304271,1.06271588299154,1.04668712335111,0.988986683332163,-0.859743247135409,4.92698318416025,7.78072100306513,9.39344623500081,15.1081756807086
1711299897_85049,0.598697123270648,0.514258798965972,2.21897817242188,4.65616375366185,-0.919521745925232,-0.922989510148108,-0.937040359572122,0.947186440538436,0.918573638218039,0.959720371348349,-1.56065,-2.70334090130728,0.98029465357929,1.08929076994636,1.10458214160896,1.01946463230685,-0.89421918269731,2.51537163884891,7.77663777812523,7.04975449759385,12.6673905184538
1711340593_41485,0.600117583269109,0.506797756809544,2.00202959262333,4.71095090323894,-0.921181507625833,-0.930380830883114,-0.934992935163248,0.946715444460077,0.913671645955544,0.959002365166922,-1.56065,-2.69072788196362,0.907592442430906,1.06017305821615,1.06771513306386,1.0044570932087,-0.752176238178584,2.27590546825452,7.77241202771788,6.8148342186606,12.4426141310312
1711308318_93108,0.601447496671424,0.509016661039361,5.85484028474854,4.72780548790653,-0.913355239721497,-0.923856837894384,-0.935298981027115,0.931550263204784,0.899133798228759,0.954549229966138,-1.56065,-2.65022963495327,0.844078417597639,1.09201157220324,0.969106245355845,1.00969314158008,-0.718579941607263,6.72386256393099,7.80471996923832,11.0457962785393,17.1182862286327
1711308112_4101,0.60116260271855,0.511365306499346,3.99637618775725,4.73063134589404,-0.908866225033393,-0.924940186577169,-0.935118565661896,0.933826413207882,0.892496397434561,0.955142754278631,-1.56065,-2.67871616152117,0.895325861543758,1.07479036503609,1.02405299085145,0.990040290954034,-0.721454981656381,4.53299463967773,7.79430691299592,8.96584664784014,14.7355204540113
1711306294_71781,0.600281003926486,0.509981925768284,1.45288352992999,4.57343985039747,-0.918895128112862,-0.918128657173723,-0.928587403602597,0.932649084523454,0.902156436019662,0.958291877714799,-1.56065,-2.68905248687634,0.955975332593493,1.07865425754728,1.01725130218654,0.944199729001663,-0.671685471748575,1.72522758534161,7.69925464035042,6.27606568441559,11.7723809194201
1711325757_98831,0.604491853406306,0.511716665908749,6.52856578308176,4.81526177514259,-0.894796728840068,-0.91683742029334,-0.932171898383298,0.930687723682167,0.879756136003958,0.950031380536767,-1.56065,-2.71991487021885,0.800970470278201,1.04787370253354,0.940991570180098,0.972312494847432,-0.668073552900941,7.4981207636168,7.87183636772578,11.8012880519946,17.8173464541453
1711313370_96487,0.603914134035561,0.509664825953184,3.89454858081654,4.61397396510296,-0.920589659764966,-0.923576589206823,-0.937013976687081,0.939912145614421,0.906382063898271,0.957743032559347,-1.56065,-2.73497048577376,0.939126904567505,1.11267070897635,1.03760820868991,1.01949064073032,-0.747709208015983,4.21397208938804,7.7109212371097,8.72416449789083,14.354915361354
1711295837_53855,0.606751857782654,0.511210082566618,4.88065873006737,4.72353718934231,-0.917312400054269,-0.920750544680513,-0.934834153825291,0.939880524127021,0.918704853872645,0.957420155636831,-1.56065,-2.71093509650297,0.842285171940809,1.06597960862148,0.992320494413028,1.01403513104218,-0.709800151495636,5.43061124400465,7.79787004334868,9.84601720776214,15.6397955308255
1711289672_93312,0.596229595925274,0.503251471834011,2.99498116865132,4.70151844069818,-0.912514168954176,-0.929414732298014,-0.938479537047411,0.938058381509292,0.893725443817255,0.954067685430547,-1.56065,-2.68751962283095,0.941326154585601,1.10832424353012,1.06023706469509,1.01815448899445,-0.803870109565813,3.30263912498584,7.77237531106238,7.83075784787823,13.5520503550106
1711315928_36216,0.59822420432405,0.508395426795209,2.53513746566018,4.7770237636418,-0.911321985519635,-0.914093399567252,-0.937525269987421,0.949066390259517,0.922610111869465,0.958150422324452,-1.56065,-2.62131481546448,0.888637193672079,1.11710530271738,1.03887115088412,1.06999650557086,-0.835585630114278,2.8426339859663,7.86173047270984,7.36511926077405,13.0259742180616
1711308289_76912,0.598311925985671,0.512342367399488,0.967605582956977,4.69212510668008,-0.918824957535633,-0.920535999293024,-0.93843740536835,0.946901922703016,0.923291294877475,0.959407861881864,-1.56065,-2.67426917007364,0.956551207460958,1.07662224787139,1.08467075071861,1.01136066484205,-0.881759872589195,1.14329869653398,7.80394237401205,5.73210994429253,11.2753954158929
1711296436_01435,0.598954558006809,0.511090772029915,3.15709625972858,4.74087771865775,-0.909764114760733,-0.917762415497205,-0.934574668317981,0.927115064473976,0.89187157301208,0.951359951323445,-1.56065,-2.68582314339692,0.857140801700525,1.09799464408536,0.973242497625609,1.00318918614951,-0.704399603207747,3.60474288725396,7.8308751404635,8.07828982830801,13.7900097358898
1711296897_59456,0.595055263298308,0.506861212374892,1.29327320621273,4.63496357130994,-0.915842250117663,-0.91124811403657,-0.934412531985715,0.92797748753887,0.903701706347684,0.95176422714359,-1.56065,-2.642907745352,0.941905094150092,1.10538432651776,1.01082290157008,0.978220949296237,-0.75862738432054,1.51484094065234,7.75744927497845,6.09666674760617,11.7001655513567
1711288288_92563,0.600267364724654,0.513564761534006,6.19777566649197,4.68557682915404,-0.936594524395185,-0.923614162565755,-0.936530952788184,0.942254562616064,0.926738993831965,0.959396527957276,-1.56065,-2.67830624158392,0.947397133812535,1.07860609553596,1.05388994808871,1.00980117578914,-0.769725818719427,6.69676652640419,7.8035076362016,11.1483678989023,16.8741701367196
1711317341_62185,0.602203419404528,0.506411255059384,5.11307461726741,4.67786699117222,-0.916538526212745,-0.916249141864278,-0.936720659211017,0.945550047038844,0.924835003473875,0.958871751009252,-1.56065,-2.69784992257624,0.86946620687334,1.10180948739666,1.03651022648404,1.03973755432044,-0.830109201468702,5.5538905275165,7.77866498708379,10.0219591875018,15.8132897437055
1711331471_23581,0.606382415962441,0.512367387092782,6.35009359439433,4.7555908317005,-0.894704894899596,-0.914344118351754,-0.92603702214158,0.924845731628524,0.874951408096267,0.952397855758434,-1.56065,-2.71023916537335,0.866848136223056,1.05893115299158,0.955960036747142,0.965198419585517,-0.640263081041499,7.19714595018047,7.83954063325253,11.5390520505333,17.5043279153468
1711299899_38327,0.603714345900752,0.515090527980715,1.99377211842584,4.61929033957055,-0.905116515360458,-0.91583506739163,-0.930330171645469,0.931328759166436,0.893652361313104,0.951107662877389,-1.56065,-2.69826056251262,0.938325642718281,1.05372495692638,1.01013897767053,0.947197740112507,-0.594532174605264,2.51762905593829,7.71189252934459,6.95989434262714,12.6550264712171
1711289460_39938,0.601675943975167,0.516401847670512,4.96257168295144,4.66801523338575,-0.919915107993284,-0.921285593275289,-0.938514384890189,0.94217557522505,0.915909404749844,0.957885820182849,-1.56065,-2.72787192303401,0.956863591203425,1.07071439218536,1.07359156097059,1.01875878045569,-0.790764901505912,5.43582335764912,7.79600763702091,9.89328016153781,15.5881688012705
1711290331_2139,0.597969817839603,0.513124546641743,2.01187599127504,4.67694576553541,-0.903384416105825,-0.906498460923838,-0.936504575001996,0.926450518399732,0.902767236166922,0.952513995624044,-1.56065,-2.68236347488957,0.898028211097155,1.08777917601884,0.967501692204071,0.977928731423709,-0.706632875428863,2.81333547719952,7.79813866288825,7.15997213906975,13.0873333419999
1711308957_94365,0.60077773524168,0.512849561495167,2.03308003053295,4.69806580748238,-0.921099227877055,-0.912694513655085,-0.933697480372147,0.92949368136474,0.90928776170007,0.955028061420278,-1.56065,-2.66135236853822,0.877800535922022,1.07689021703398,0.973157657449858,0.968811349894203,-0.673185672483378,1.46139428642924,7.79558976142525,6.45970622732017,11.0772323817231
1711295659_75394,0.599780257567406,0.510728955344332,4.16948879244851,4.7311184636257,-0.928558348631828,-0.927771919447734,-0.942417974939023,0.950854188545079,0.928512365658242,0.961051989921646,-1.56065,-2.71946001943334,0.950775927787821,1.15788402642054,1.09455895641041,1.09480744191567,-0.914435017389837,4.52909020186516,7.8300494686536,9.03044394996586,14.7168565532372
1711316993_4125,0.602200901719741,0.506304933182103,2.31490295716893,4.71747447297963,-0.9042954336106,-0.922053995838063,-0.93508417490263,0.941767013808028,0.891623739957208,0.949522079658463,-1.56065,-2.72203081298864,0.906541746422354,1.07036266223893,1.06212517889892,1.00754914853321,-0.828194029941551,2.72813210628938,7.78237309583433,7.20182534698799,12.898882358579
1711287135_78451,0.608797434942116,0.505763657957625,1.08280732025019,4.66260465698805,-0.893444732611526,-0.910889240463604,-0.938201420683181,0.943283137289805,0.90963837303737,0.954617168320963,-1.56065,-2.70458213734078,0.839976698304007,1.11525406188825,0.987089669190124,1.05270498284913,-0.766455598332631,1.37692075937437,7.75811668786982,5.88186533833366,11.5570951419596
1711302792_67817,0.602136786977622,0.512570547190441,2.70146105550932,4.67642916993695,-0.874920371869028,-0.911620737257618,-0.927633882524888,0.924334987408765,0.852970674482289,0.943397236556037,-1.56065,-2.680416484552,0.912247251553195,1.04257049405985,0.991325936033261,0.92444403839713,-0.68283086656827,3.41965769971048,7.75809120759428,7.80702675273085,13.7253953087985
1711300503_71848,0.599766809676558,0.511087935318267,2.15035093884317,4.66522468082518,-0.907227152615811,-0.925672823817728,-0.941152312355014,0.927093112816954,0.894003427370617,0.953914187634136,-1.56065,-2.70367560259402,0.867161531654694,1.10634663655179,0.97304482062526,1.00797160878434,-0.674170873299825,-0.0156186895782915,7.7642386320664,6.22918473970524,8.2355903984599
1711312674_4398,0.600412785138075,0.505616185754678,1.88900704744237,4.62255520147473,-0.914898180507722,-0.919277324298107,-0.935021768667437,0.947682455209826,0.927595535908853,0.962688171231895,-1.56065,-2.67429784835377,0.961878816897639,1.0954097891664,1.10370097442255,1.03772123297547,-0.825032235564799,2.19205622793475,7.7291438150072,6.71841363048508,12.3974139209629
1711289367_63357,0.60190663786636,0.508679701165966,4.28268653280716,4.52216046334972,-0.926465464928503,-0.930691629147758,-0.93554035278368,0.938949407858402,0.902720391987648,0.956974672595846,-1.56065,-2.74302401113049,1.02074089060432,1.10360460529809,1.09298528087925,1.00393295627691,-0.759771813788872,4.70630325603262,7.64976677219782,9.18252085428199,14.8866880919175
1711297597_68308,0.598669726249563,0.504640170551689,2.76499249026273,4.70879219575981,-0.919094046162886,-0.924402397455584,-0.934291018403693,0.94417185405022,0.91889360917926,0.961121732962216,-1.56065,-2.68492109032087,0.924189271936834,1.08115612578381,1.07176855271569,1.03702617418748,-0.815753012394909,3.227857528609,7.79731914696313,7.68820634799881,13.4840131356323
1711291643_53145,0.596108235333652,0.509059551528251,2.58490212548231,4.68633765128039,-0.920750298546262,-0.926846719298711,-0.94152844951074,0.946522055942575,0.921325363084781,0.962068200644746,-1.56065,-2.67855625556579,0.993541516012482,1.14323824882374,1.11651145917328,1.0954128374636,-0.895076933171815,3.0524165799816,7.80108102808654,7.50857469987361,13.3174835068285
1711293563_53472,0.602100076260412,0.512871764801689,-0.0001376486899298,4.60965284615283,-0.922891360556855,-0.924971241566742,-0.939031246747326,0.945082271908165,0.917879164572486,0.957292238497286,-1.56065,-2.72055166514274,1.00422772955549,1.09051083890152,1.11809067712809,1.03559813649968,-0.844226729537178,0.671881533889632,7.73606179856977,5.04513237096123,10.9582287202944
1711306633_12691,0.599375811746538,0.511894944241613,3.76054023639031,4.67457542614339,-0.89635931193082,-0.913736653341307,-0.937726864758735,0.928983353321404,0.892221458578197,0.950329520197533,-1.56065,-2.67304480371561,0.89247073254847,1.05958576743525,0.998638782122147,0.97105606229363,-0.731719468456343,4.0615240216196,7.76415819686184,8.58744263735422,14.2462791517848
1711321007_34055,0.600324550688455,0.50634725434894,1.99315221506831,4.68327680745299,-0.93342844041264,-0.929924967021068,-0.936637299271198,0.948058582524706,0.925925637659603,0.961054720481034,-1.56065,-2.6851226423014,0.913050526339821,1.10036948705369,1.05692948328807,1.02574323445158,-0.86347344819932,0.0704039975333258,7.77968904087366,6.10239232763053,8.63110611553985
1711341537_07221,0.601201102163656,0.513767233223724,3.42177359653964,4.6448789287964,-0.896782141221771,-0.90260574358816,-0.932552589810548,0.932987285991118,0.887780686545813,0.943018249906068,-1.56065,-2.67943056661689,0.927099642648327,1.07603270856419,1.01385804885893,0.957554979156782,-0.708098495656999,3.77477177146399,7.75315588586667,8.29106865328676,13.9058344117052
1711292159_69842,0.603311541039948,0.508092278110393,2.21466691935063,4.69468773417181,-0.927783532084736,-0.933289919621419,-0.936431215594485,0.941631065459494,0.90803894327554,0.958638747866735,-1.56065,-2.71378081120452,0.934405518616123,1.06216249534878,1.08397343225963,1.01308698390079,-0.711297125166454,-0.0099062160842987,7.77171694732944,6.28520333637376,8.15207935724715
1711300803_0283,0.605785840167342,0.510244646950897,1.9659486255905,4.7115690721415,-0.904178213310419,-0.922154270624105,-0.937120458582653,0.929180681968859,0.889118847394157,0.951956426114684,-1.56065,-2.73295223076797,0.817189231135671,1.1056228946083,0.940001735789293,1.02899066666198,-0.744743849061163,-0.10873213593254,7.79858924125089,6.03853233934655,8.28165350691066
1711307081_40483,0.598887584394129,0.51329721038146,5.80158223167669,4.68258403247213,-0.906348717863863,-0.905199375107454,-0.93005077831041,0.932747526170669,0.900712531707525,0.949171409643144,-1.56065,-2.66536779446581,0.947967986021248,1.07291530691036,1.03710461721377,0.95929237139843,-0.714498366394519,6.61575288530884,7.78511248761268,10.9743089776674,16.9146217181073
1711293751_85411,0.59696014128536,0.50171484985784,4.23394911933251,4.65588740070619,-0.923782066655693,-0.93000424544247,-0.937802554439684,0.948294392442086,0.925931116153359,0.964441592336445,-1.56065,-2.67193206385806,1.00268927793218,1.11904764421342,1.14432431768253,1.06416779986077,-0.868938391180791,4.78553599256068,7.73678954987129,9.21027737002218,15.1585692250868
1711294222_80003,0.600595987911743,0.509427831778297,2.10445169158039,4.67137671304329,-0.905955382301265,-0.900666629935696,-0.928673673375157,0.932538792587748,0.902820087539918,0.94608314929132,-1.56065,-2.7042264046041,0.884833166334509,1.06151013523256,0.993605281740659,0.95512043270066,-0.668161715262476,2.39357292736166,7.77476497986015,6.94097295502936,12.4980704941647
1711290507_00761,0.604427926856891,0.507729349043577,1.33421513310433,4.70076574414723,-0.894914167918315,-0.906892391210698,-0.934173876806873,0.938997685244113,0.894830780594794,0.945067090729738,-1.56065,-2.69697941358476,0.859525583854312,1.06044698582965,1.00502020515412,0.979488171103591,-0.77877375444687,-0.346069932280061,7.78137613423158,5.47404666861601,8.44026177930174
1711285971_54286,0.598149336463286,0.513563448235963,3.93699035356901,4.72833200297206,-0.920571741799384,-0.917932504447606,-0.937988557554901,0.943948947840171,0.920958670969184,0.957404668968214,-1.56065,-2.6778092080595,0.964374948064231,1.10537660424618,1.07396192613337,1.02976567805266,-0.92604686410939,4.23968495969872,7.85361528489237,8.77052545440391,14.3656505096516
1711287360_15485,0.599054236764533,0.512100263456595,5.42121510738788,4.72226181252551,-0.915672714182271,-0.903409642333678,-0.931607690497452,0.926773960817036,0.909207477388482,0.951932269938219,-1.56065,-2.68727037288569,0.863778085201663,1.08588734279824,0.967677579913784,0.984911635221485,-0.63991539411529,5.91451520047868,7.83393039984662,10.3773126188284,16.0656618396765
1711294949_62519,0.595852491768319,0.509913651477029,2.80927575848867,4.64358663319325,-0.917506997774054,-0.913487305360641,-0.931526518883302,0.934076737664152,0.907108625725409,0.952341749054733,-1.56065,-2.66810923385076,0.953476428108413,1.07925769951715,1.04903087460806,0.964706149390842,-0.751462049598599,3.14213865656903,7.75936372586439,7.67794366393352,13.2946184476465
1711309964_31111,0.598189951595424,0.517966095284592,-0.0544803137598647,4.65316937899424,-0.917997305583778,-0.910548824274152,-0.930068437750248,0.933854096097386,0.906040177492975,0.949209695424206,-1.56065,-2.67836005937994,0.949284523156802,1.07010621298384,1.03016802392177,0.961950458114768,-0.709836517812249,0.544807099626095,7.77022426350466,4.95867607491867,10.7176806110342
1711339919_82597,0.598974559503819,0.503088120882178,3.43931826058948,4.63473119672261,-0.915828519699271,-0.921201779481607,-0.936553549403916,0.944733345815853,0.92591497177712,0.962240022582319,-1.56065,-2.66024337144252,0.962949253734709,1.10223519179549,1.08643757252178,1.06718817445001,-0.795336414806717,3.85261562317749,7.7493192256206,8.32512769309588,14.1048712255106
1711292809_96183,0.598496848380041,0.513403199425483,2.09619435143427,4.68361065625617,-0.90602464691489,-0.8990755252599,-0.937025524015209,0.932102274002557,0.911580992433517,0.948846659922246,-1.56065,-2.6849782151946,0.907457478447546,1.10947908670135,0.997480280934908,0.997841195835531,-0.764004343670766,-0.0220102183802283,7.80101355967065,6.18663410913935,8.29587894783845
1711291051_97367,0.599997833113314,0.506788884092168,3.16723507639029,4.64175719026841,-0.90110605630518,-0.914995008397565,-0.936297844912013,0.945421151353277,0.917795738318318,0.958242143725758,-1.56065,-2.66868719866253,0.947267122132256,1.0861702137082,1.08600946202444,1.06318285801492,-0.747227106391685,3.61828165436238,7.73958207078977,8.0652830992068,13.8637354145361
1711306520_96065,0.597103046280741,0.502233946340143,5.85014963074697,4.69804496571054,-0.928579120885367,-0.932075272380666,-0.942280040183551,0.956369016269546,0.930452203692251,0.962046339744422,-1.56065,-2.67066909523778,1.0020499826651,1.13169435435708,1.1638686636645,1.09314255527648,-1.10336071267985,6.75448236877246,7.79845256086045,11.0651992882796,17.303404367783
1711294700_17352,0.600330016442138,0.515023460467986,2.24247022111396,4.68171600647415,-0.919135400444445,-0.923259681740525,-0.933170078531256,0.942673017054652,0.91677372497956,0.958165730024648,-1.56065,-2.73216739154771,0.899376468952139,1.005331935413,1.06625927469293,0.965073667144051,-0.69506273241351,-0.0014734561946743,7.76738495319782,6.31191661182071,8.05485793465011
1711296249_8065,0.602309553310119,0.506897141401749,2.2520661572135,4.62317333637152,-0.922231664515399,-0.920188560399669,-0.934524708235146,0.934575099551066,0.906123427350644,0.956089945767694,-1.56065,-2.66530144600026,0.919586105602515,1.08887656227092,1.02858566819791,0.998873075548169,-0.772303401785245,0.0171006117950179,7.73293944075439,6.3199204667277,8.26532278787266
1711296889_2219,0.598163457574789,0.512816967040127,2.58176571473994,4.66961389767603,-0.893593490905003,-0.903470934213759,-0.933694555809073,0.925227371330493,0.892247707452557,0.949103295463494,-1.56065,-2.70262447988299,0.879577357233406,1.06613975635283,0.975402144074182,0.952494710393107,-0.670857573155243,-0.0021544268186489,7.7751671523404,6.63700312630314,7.71911132411757
1711317611_14315,0.599480740037589,0.514737428006896,2.07565627214537,4.63791254291848,-0.909085093527045,-0.910794017978462,-0.93418718535298,0.938094674906907,0.892223542921116,0.940746312151992,-1.56065,-2.70153848873015,0.972660725094134,1.08915457051137,1.07251703438409,0.998373798951516,-0.809218475110065,0.0205869712278353,7.75367740242236,6.16894202939736,8.30794993834409
1711301626_2622,0.609715991822883,0.536220691491625,2.30628110934702,4.85488005796222,-0.889025686434456,-0.912460860638567,-0.926354614283193,0.918823531171442,0.860734364020949,0.945755480179173,-1.56065,-2.88044350072188,0.795630598645517,0.972249547971923,0.916744324483042,0.957086413552674,-0.53862985375074,-0.0014041848029522,7.9474372372412,6.24969869811607,5.92792022028898
1711317690_10587,0.601943527577904,0.514926595144811,3.41915009394747,4.67756231462177,-0.899283911669778,-0.926291994067202,-0.931484631328257,0.935728782220702,0.881546570229602,0.95446518872358,-1.56065,-2.66176457617442,0.908352733365758,1.08086911354767,1.03661169179518,0.954223922636453,-0.641723829064184,-4.16612225583993e-05,7.74140091806199,7.48730090244885,7.12218617456406
1711309784_79878,0.611961733207003,0.490466572949922,8.93918478614479,4.42804319116271,-0.92792221463336,-0.918246458216158,-0.939142365548641,0.950462702166511,0.935186914224314,0.958989002746161,-1.56065,-2.78202882168344,1.07837785600343,1.12490805188531,1.20700700033626,0.989744937343524,-0.406130980097689,-39.9123977843907,7.49705481490474,12.9993580312431,-88.2780242014825
1711299218_98211,0.622363516754282,0.517386862917886,5.03034314414661,4.80739983819943,-0.877849363974558,-0.902985535028092,-0.930246322339825,0.903001706634763,0.867770382603466,0.950874381650449,-1.56065,-2.80676546079697,0.756507134691132,1.03274104996876,0.886603773816515,0.957664495174654,0.0112296545042405,5.89311082291891,7.81706619201774,10.2195596857353,16.1825297393118
1711319330_51833,0.628588978161647,0.520896890401859,4.05644060673538,4.74245273513259,-0.859609480717751,-0.928321849432844,-0.939983218544909,0.890871885892865,0.819404306141936,0.942256670877354,-1.56065,-2.91554200127099,0.741407777892882,1.07484437547627,0.836310830115648,1.0694937065066,0.0031038034908214,3.16706008628122,7.78421674299473,8.31913966363619,12.4359994691878
1711286598_05213,0.653667250247245,0.54941920165187,4.24916750648203,4.05801221176621,-0.775435848267373,-0.866874060937939,-0.910100393199417,0.926422555860628,0.69666137672887,0.843383353039683,-1.56065,-3.56438607086183,1.10227386811683,0.760167187609203,1.11728679011998,0.83171567880242,-0.333426270231788,2.20081217143685,7.20950265735053,8.13691875944131,7.75567217589774
1711293260_55141,0.67107150483873,0.550364201342945,7.00478034420734,4.18349537147832,-0.800523836072302,-0.901448315161809,-0.926305481924458,0.881554037556078,0.72088217071809,0.888129361658265,-1.56065,-3.68898863121773,0.765330271678934,0.821525091746093,0.830930862132749,0.891320716876948,-0.254558552941697,4.94687055824506,7.31978742360409,10.8920461120935,10.5010611678297
1711334018_38375,0.663048205488389,0.553223488458264,4.65526348634278,4.05761531343239,-0.757228939251286,-0.844220339620314,-0.912807610191601,0.921721752645023,0.680513741805761,0.826014200605298,-1.56065,-3.69231666892852,1.02040034132184,0.751647574607594,1.06305363137814,0.806863664545298,-0.366888127496749,2.59155831704393,7.19693332873666,8.542817745125,8.16627551734529
1711304985_52537,0.668956573811887,0.553410834736699,4.0654097516998,4.13757749830267,-0.797060134025793,-0.85386059560475,-0.922073651744994,0.908193665398785,0.748633032106479,0.862398594078134,-1.56065,-3.75861188696401,0.897976782842507,0.815336342667432,0.962155489753511,0.897090169629442,-0.423991988038075,2.04155467762482,7.29931251086573,7.95339249481927,7.600032568194
1711311280_97028,0.664713614558772,0.554747819347794,6.27787443199473,3.91737570562684,-0.775587832878381,-0.846442449269222,-0.903033141797983,0.92518212602358,0.689789111266415,0.822030961578663,-1.56065,-3.77928211938337,1.08118852578297,0.714880950135203,1.11781635234542,0.777396562285338,-0.491942423809973,4.21190144394193,7.07017631703621,10.1636898346487,9.80180368959624
1711310660_43305,0.667980523676921,0.55330111561304,4.84682058560545,3.99904077428568,-0.67317885903013,-0.805841906229315,-0.921801551156906,0.915613937281315,0.569210072508308,0.750997953436445,-1.56065,-3.72778951689032,0.980494967451208,0.763879875392681,0.995468478584797,0.850785526343635,-0.338716246474512,2.82120001778923,7.13527715093028,8.73671530011824,8.36021343897292
1711286033_17759,0.597282655367452,0.518383931082065,5.95320658121354,4.71541619198397,-0.925436898558813,-0.93857088985832,-0.947963954485772,0.946693738291595,0.922413218567206,0.965275533947708,-1.56065,-2.65814862818251,0.956564616185459,1.17307381598182,1.09146085331698,1.02968055631103,-0.804808232035089,0.0301370452551259,7.74261399024551,10.0112730619765,7.11577822659272
1711285431_02861,0.661180377298115,0.555164768893702,4.39704758301545,3.87132061369647,-0.801817675279787,-0.859013875342828,-0.910398001834742,0.927875820768819,0.745199477011554,0.860227715368435,-1.56065,-3.72654002841061,1.11908210823013,0.745803626304919,1.15207848134892,0.805248799603361,-0.483941252087658,2.29988957333048,7.02572363566571,8.28460575494804,7.92737234767345
1711321665_3958,0.672730470955639,0.558486424466301,5.28354668372008,3.87665838040332,-0.660720792286001,-0.797719350184847,-0.907019946758504,0.916087518663618,0.559765558064811,0.75259849297558,-1.56065,-3.85641059708324,0.983812295756422,0.687660739358211,1.00450485782704,0.772867774337273,-0.496442714779704,3.19949484263925,7.02012920656541,9.17158885815906,8.7972391801418
1711334876_76257,0.671946520480713,0.556901030140229,3.91954773186582,4.03481432906428,-0.702875916993453,-0.794175717764203,-0.901012250311601,0.916847948437141,0.599411362697073,0.754032478314372,-1.56065,-3.8212530280087,0.977213548226923,0.720204812912131,1.02638036112386,0.782546057194479,-0.455615810691227,1.86629046296022,7.17288091569352,7.80660069784294,7.4886429966321
1711286082_09663,0.597719270627926,0.51915816268372,9.02978355811266,4.58591569610038,-0.927164833841139,-0.923172863748359,-0.943960490774532,0.949789989471161,0.936627678419537,0.962140253161477,-1.56065,-2.65615566270847,1.04492115647576,1.1903083020771,1.17528640158153,0.999303101679718,-0.852360101613994,-1352.57678029475,7.64965619691212,13.1136087025373,-60.0584000120357
1711295075_63713,0.676617821047623,0.560935357171701,3.0660100226503,3.62097898885254,-0.797623685358987,-0.875225556874611,-0.906896548622349,0.916985611200918,0.727079441146956,0.865914302257266,-1.56065,-3.94016917595566,1.0204207599518,0.70450364456276,1.0758739607945,0.783014319040786,-0.727095900175166,0.895230830489204,6.77281212279537,6.95580911019475,6.56083862409758
1711301199_07836,0.708040339022852,0.557679125416892,4.20748977283556,3.80063236229012,-0.218779906048373,-0.431225330682288,-0.907533799016968,0.778370319268177,0.231291982996183,0.532435708447273,-1.56065,-3.99939326094667,0.538851521943409,0.698163837010075,0.604365972885549,0.79157276343083,-0.555423019177182,2.12694379440705,6.95550347082528,8.09275748263736,7.74612567130342
1711295105_02037,0.709233106300481,0.560172518862846,4.6572638230853,3.7154606191179,-0.538593795782759,-0.766335208928881,-0.921913471591506,0.740897054627369,0.416586390985296,0.741454442835888,-1.56065,-4.04607405828296,0.512764552421114,0.807396846658393,0.526119359740099,0.886159678085325,-0.618151994226789,2.50516778239262,6.85190964535979,8.54828131136606,8.19750250535662
1711302801_46467,0.641069700628876,0.591587810410942,8.95292377643388,4.25788262134312,-0.90817559501905,-0.903264431979151,-0.936041990874442,0.938191992198838,0.886400177163897,0.922215087481326,-1.56065,-2.97982922761731,1.12006294216413,1.03623492898238,1.08986145508801,0.839949533890303,-0.279209597810207,-1.2779714284136,7.42041255971197,13.0632413604522,-60.8494267180171
1711293462_35624,0.622435450764631,0.525170784726522,6.49340182072905,4.63984036664584,-0.897301999900884,-0.903484952377649,-0.938471854933803,0.93947422416823,0.921270860604965,0.954650969357422,-1.56065,-2.73221408884123,0.894051533709956,1.1344863412287,1.08692748240097,1.005840552327,0.0001674183740821,6.37750775941215,7.6254261881448,11.1983868805918,15865.5518415659
1711299651_66865,0.718374717142939,0.562839908238673,2.25618478676912,3.32208401675066,-0.412803442231956,-0.563847350869624,-0.89487535870552,0.691336535300412,0.313201718928946,0.6100997736888,-1.56065,-4.08418886160876,0.42133269961993,0.658156897264935,0.531725936769627,0.730313627625933,-0.830494799250818,0.0273680783261324,6.4629262516514,6.14348326905965,5.79630700624516
1711302561_9365,0.725717823592769,0.556265626136141,2.35352384562386,3.54650923495148,0.247539824496221,-0.0999890165126295,-0.898920102374684,0.724044537583764,-0.247013422012773,0.200481127792755,-1.56065,-4.0405480553639,0.457137487374694,0.676396882756005,0.544068453244464,0.752559606026672,-0.593133824718619,0.131319499010989,6.66699701338965,6.24149635680794,5.89063123415755
1711313077_50773,0.721718022422658,0.559433757278704,4.69599163585265,3.30814705340455,-0.403938124063282,-0.527685954056132,-0.908147924988217,0.709958614112388,0.30984152252957,0.556428229765549,-1.56065,-4.09402282033788,0.344112666029663,0.697160664993518,0.556678652814276,0.782830743206698,-0.860746655460879,2.48257554460481,6.45944757790812,8.59023898300992,8.24533930459217
1711314170_52949,0.723445675919148,0.563710489276787,4.28318141134265,3.19904968263383,-0.256846251727724,-0.410584596155202,-0.896805535639705,0.546068937117728,0.207359720563766,0.51753501740727,-1.56065,-4.08853230144379,0.292929798488023,0.641886715292498,0.459922736823235,0.74879935334779,-0.84726170349714,2.11466320722989,6.32981103664435,8.16860914398807,7.8539531867949
1711316853_45056,0.725519691565212,0.556757808977282,2.41267479667672,3.3286365969108,0.373888199776782,-0.148676338925563,-0.912511998037026,0.226202756176412,-0.486431060606517,0.218270936093736,-1.56065,-4.08641132175875,0.228608942321597,0.758772578633544,0.348924580635914,0.841379267798925,-0.773559202564967,0.267186905757829,6.49447698570242,6.3010216988541,5.98109371921748
1711314835_38052,0.730292940600529,0.562112851264202,6.25226190559426,3.1877163910139,0.573685397068403,0.29434092133456,-0.906675521425852,0.792295183536595,-0.570033467548841,-0.20988677910647,-1.56065,-4.07278585892445,0.561613485968403,0.636085769823708,0.584876512149287,0.7705283180661,-0.744225468224619,4.07461735599833,6.30395241464089,10.1581595535579,9.75676208105919
1711337467_07304,0.729680336588597,0.559725754330326,2.30679152715404,3.08856603250029,0.638977210754829,0.101254954462172,-0.89102382753028,0.0859914597229032,-0.751515018176068,-0.0079790116635402,-1.56065,-4.12460768797721,0.286970416467887,0.638873350933881,0.258034570606444,0.735453478241062,-0.834659446352181,-0.0303799679355646,6.20699945887449,6.21121334399315,5.84940503045921
1711309518_12836,0.723850581958402,0.5620953965461,3.18658642762563,3.15463946920303,-0.0084145693998135,-0.255011692782503,-0.907948975443632,0.546323766548879,0.0199905547157531,0.369248902436384,-1.56065,-4.09608502696753,0.243897039147555,0.701765022499174,0.444953567725904,0.817156030043556,-0.905391727021506,1.05016072928192,6.31088305695187,7.08728780405608,6.74507448051862
1711297665_68714,0.721174464232052,0.563722762697675,3.23711235727361,2.7440175225425,-0.619332755539409,-0.698288496030348,-0.901499180954782,0.530685072377949,0.453158895426618,0.729255256052455,-1.56065,-4.14140987728117,0.363039417830439,0.713365620957872,0.433180582324071,0.765582394614819,-1.16152481910334,0.99352572615586,5.86101243417682,7.12181441978496,6.79929488892749
1711290987_26768,0.726994930061191,0.563920796168447,2.91896080314327,2.93321335508878,0.214699495045289,-0.141459233878833,-0.887394307963725,0.426520866570745,-0.32757227751515,0.225453353149281,-1.56065,-4.10446725157014,0.251866428833212,0.645504531156325,0.415490045202521,0.733919428273134,-0.988752165517697,0.742900941061828,6.07887957939927,6.80602875322448,6.43985803539673
1711334023_55349,0.727236173740435,0.56202291471438,2.98039219570387,2.99079867122146,0.159014387701936,-0.261742572813837,-0.906700452567836,0.531810835291461,-0.136586624066207,0.36360867039105,-1.56065,-4.10797174537016,0.235400728497038,0.664147831322065,0.437936556389378,0.787712500079011,-0.956975619290671,0.815697591677916,6.14527707439671,6.88455461417277,6.52142983427259
1711304676_8742,0.716260759913212,0.564310065225529,3.57998977259967,2.72021009773581,-0.487882236295432,-0.677094737767992,-0.901423859237193,0.820360787667183,0.302054577238761,0.571709668642809,-1.56065,-4.12585236636681,0.670905002775104,0.662442614749544,0.656587718904672,0.777191835981128,-1.18330898802584,1.35021495580365,5.85088355671271,7.49118506712545,7.10600274448298
1711321966_4617,0.727217127796762,0.563611986301477,4.36155730563843,2.6278831872344,-0.356894352875687,-0.633611090161629,-0.907846371904052,0.671055247185633,0.270929222413893,0.666865996852832,-1.56065,-4.15304663638158,0.389279416055999,0.684419095596084,0.513498587624295,0.780219140239391,-1.21164135361204,2.09723578800369,5.76833291254035,8.26618575409857,7.84505104455159
1711332399_79416,0.726844685804163,0.562474474928532,3.12206728301426,2.8519204445981,0.376325812230758,-0.0509273288702888,-0.909054598651499,0.50902495419562,-0.350287124187789,0.186105603480199,-1.56065,-4.1209613495214,0.285430006674435,0.693122426996059,0.425918208253551,0.79917988473199,-1.0188558097252,0.958830227857323,5.98954254707479,7.02450161918437,6.62417040504949
1711318520_25737,0.73070355809933,0.559470912536337,2.44211947574736,2.73809415268499,0.682460443244659,0.36367273838058,-0.894175859271533,0.493174130261727,-0.780312637314769,-0.302093199191196,-1.56065,-4.14079391183389,0.408952288043416,0.679017038032723,0.285581786696436,0.770968096875385,-0.990888693323947,0.151588624798182,5.85201416722671,6.34505946497184,5.9444577319371
1711295726_11677,0.732311374711033,0.569751837109421,5.44000061042483,2.62590602453686,0.302405746673729,-0.214379892611206,-0.887155659114354,0.433324118894679,-0.357757472896696,0.314012271723883,-1.56065,-4.13800410512438,0.248018128133265,0.580434611233738,0.397410669367081,0.687396688381829,-1.14037686537886,3.20898245964883,5.75784145361891,9.33507806637355,8.93369076278205
1711287806_49245,0.726755150171801,0.559807813343748,2.49227361882239,2.53162201047117,0.522103827931539,0.241766990199593,-0.920995794225371,0.809540378984151,-0.607655788414573,-0.27157481073618,-1.56065,-4.13216090260117,0.621948815723834,0.714419612130289,0.593500944316378,0.845004427856216,-1.11648359172676,0.214274210636127,5.66881085957574,6.41910829466837,5.96821524433262
1711297973_57741,0.723642546165604,0.571382546096205,2.56404057546688,2.61447207582079,-0.632147294274599,-0.667234613534022,-0.872720432335805,0.527192107450634,0.489353473224187,0.738443439492333,-1.56065,-4.14432439876051,0.330181234866105,0.588587925639535,0.451291541323001,0.673912233755207,-1.20653516415355,0.348276071859332,5.73461450612571,6.454484213714,6.09607534085097
1711298234_98343,0.729822476879958,0.562033618154402,2.0129580316407,2.59587179804451,0.361265985770746,-0.247384698283361,-0.908575222889675,0.193958218718425,-0.490265002392337,0.252447407121707,-1.56065,-4.13814970322078,0.294934230428116,0.690068459932008,0.265748232124501,0.800266940826579,-1.11901733214041,-0.283341281557722,5.72943833972604,5.92644395996052,5.51664116448175
1711320101_86591,0.726725767572374,0.571899543866866,2.33035218966526,2.43411145890405,-0.177069177350758,-0.653742044883033,-0.887062165441252,0.261955388535909,-0.0233668103645702,0.679482126681276,-1.56065,-4.15388099647562,0.340094125929317,0.593891239728899,0.247046620870668,0.685973992216939,-1.25777757474033,0.101211976635955,5.54385998306168,6.22915295617737,5.79861226311743
1711314662_57364,0.729125762916084,0.563946642038962,5.6625675212098,2.57741246580881,0.821136582046881,0.572740185933559,-0.918749980542033,0.605616581148194,-0.842814209563206,-0.45349999372519,-1.56065,-4.13942366543932,0.408359818458716,0.747397306974556,0.385555484703618,0.843205149066344,-1.07126227454701,3.50376899485729,5.69818899474078,9.56575389091946,9.17719448143873
1711299176_90559,0.725078018881331,0.571643869454944,6.40751989925104,2.39278635798949,-0.197978727787188,-0.603858392253272,-0.895601275263314,0.640710442681828,-0.0427182976849351,0.465729776316572,-1.56065,-4.18460531854653,0.478698674103977,0.647744772543771,0.341679078696733,0.746202130518073,-1.33355808943061,4.17195851054073,5.50096942003997,10.3158330272586,9.9192425976439
1711307858_37608,0.731808311745689,0.565227014110655,2.39859586518984,2.6182857994854,0.749990868102965,-0.122187076885882,-0.896999676996184,-0.0677549840520714,-0.841112835194561,0.181650254931516,-1.56065,-4.16046607999139,0.241508600244014,0.602442692741496,0.258880556651591,0.725768857829605,-1.11615776019323,-0.0301700671185806,5.73849739906354,6.31422117223116,5.92160222865936
1711292693_66367,0.733193664225858,0.567495136309301,2.62323804593025,2.53909161559708,0.600410740220575,-0.258178051523162,-0.905543219595247,0.0259626678001906,-0.65553556056459,0.332651204254129,-1.56065,-4.14674586254472,0.228907951740491,0.637299261592397,0.272791904478852,0.751825783451332,-1.17808718953789,0.436255801425478,5.69472531352547,6.52742238683786,6.09218014570807
1711284962_85943,0.730025822495432,0.564287140969064,3.74056263157825,2.22495874703183,0.545525934064406,0.222855332894357,-0.873445557033043,0.527901339751957,-0.71422003100048,-0.20856798121495,-1.56065,-4.14948071817141,0.403757109050037,0.639692458663705,0.375760416539717,0.718270091672456,-1.31614609605735,1.52801899048165,5.35846082425543,7.62949918491559,7.26138656183355
1711288891_34119,0.722001060511648,0.567766512214625,5.05336548835425,2.13384173623672,-0.553353034242375,-0.738094008999912,-0.902816730942718,0.611309320441885,0.404975632356673,0.74357999561922,-1.56065,-4.16065774867866,0.46207700567239,0.714760859857851,0.451692521725269,0.774443607641751,-1.49383642617643,2.79396090743972,5.25355297648156,8.95043470848724,8.53283635484203
1711339897_73214,0.728242002898239,0.571132013099672,3.84505468189939,2.09224164821635,0.288673843258978,0.0655734300394019,-0.896888835425837,-0.113520766533123,-0.517305274408166,0.0303607786528214,-1.56065,-4.16252131115468,0.248368602885413,0.654814203477256,0.24533042078672,0.722707549709331,-1.42386243951438,1.64551881054189,5.19979095621279,7.74267913740156,7.32434439081414
1711326652_98235,0.727708251873424,0.561865608507313,3.77868839604261,2.15393951285605,0.499228239217859,0.138263401968353,-0.927611103069627,0.41971494309235,-0.598660676584142,-0.114128369437393,-1.56065,-4.17031730853682,0.386895832595672,0.824737093094056,0.267624551865291,0.915788404189309,-1.35648343756999,1.54684583273025,5.28529216310799,7.69209048240506,7.27093895884787
1711284070_74988,0.732373699318748,0.564196476907362,2.37311637549634,2.3630219104853,0.760807856026132,0.458750925560853,-0.8949883824952,0.528768611612236,-0.865548558080696,-0.407794413682612,-1.56065,-4.17497789704927,0.410016940039444,0.695292453137647,0.314482958308069,0.774278959832584,-1.22032007369691,-0.0743945442540401,5.48013705066043,6.28529989034753,5.91946715675955
1711306126_2844,0.730049589773862,0.563869664406527,2.94127352772625,2.09324581950498,0.30783190187602,-0.198925698144488,-0.907622274422639,0.239402908374188,-0.474654464690163,0.173218114262325,-1.56065,-4.1728018344554,0.352474265506774,0.689807591073761,0.176187269641044,0.7878968598685,-1.39238469012606,0.665507784431429,5.1971094622632,6.8545389414403,6.42933048463024
1711329095_34029,0.728961940933551,0.567564149799149,2.50823315807164,2.27465563232873,0.257886134704062,-0.191596951236673,-0.886883422447618,0.482889492392421,-0.334325835346319,0.278481137870521,-1.56065,-4.16653731099929,0.279079346950331,0.637834378591165,0.437879778850854,0.715301398693124,-1.34448348978767,0.0461823344838403,5.40591479930707,6.42319572788696,6.03279723987575
1711318646_50094,0.727431298739743,0.560795625517343,3.21309932897816,2.26273966668,0.765110002307014,0.310297875835703,-0.91773104702798,0.596204834462808,-0.724176004514017,-0.157101330006583,-1.56065,-4.15559903231037,0.389335505525393,0.78564783876417,0.442882532494566,0.868151139731999,-1.2915832031503,1.02069602189521,5.40370060926458,7.11075100977075,6.7092739566055
1711303249_21279,0.729554243398579,0.560461608208301,3.22648815775576,2.2373044939739,0.756639013245239,0.62382146040135,-0.916668715396043,0.572932840048683,-0.856943975500689,-0.58753134656915,-1.56065,-4.16213748644154,0.443282448215045,0.794762887509747,0.30663266898298,0.872773161022945,-1.26827914643543,1.02505654234729,5.3616654703699,7.12780603674511,6.71647964438429
1711305113_427,0.729261206191118,0.562617282878256,2.4796089873755,2.59314474222198,0.775394761899882,0.726581374575883,-0.920452854625445,0.389128610949571,-0.871440633455872,-0.617589923305503,-1.56065,-4.17194504593017,0.3682670915771,0.827934156467261,0.250956268696265,0.882023550239857,-1.09767468312661,-0.0011480551883113,5.70406374169847,6.39289757542065,5.99474283502729
1711297489_33926,0.633141184510186,0.590566793226177,4.8583778290591,5.24403345742192,-0.891222221854918,-0.902899315027751,-0.916969310768725,0.870237480933977,0.7832885206169,0.91332594781144,-1.56065,0.0086850151181342,0.777557012134669,1.03248202792912,0.733036546011901,1.0749591967758,-0.374603667839321,6.43819104029136,8.38042417908597,8.69882479384115,9.18589112169083
1711303963_2637,0.727798493095021,0.568075581814479,2.06352968257075,1.91047788379981,0.616987585466328,0.381454613941853,-0.913241394970549,0.6543844674771,-0.694301100817298,-0.349827586444026,-1.56065,-4.17709621039823,0.473187034095152,0.679590015802515,0.32110980449658,0.795092867077221,-1.46005825133687,-0.196366243937385,5.02481397081476,5.98409110171542,5.51630628219688
1711300994_15966,0.726498136852989,0.563774428535607,3.21666282481136,1.87136881884544,0.385645437067911,-0.0126278667941366,-0.923822386374095,0.667732388749034,-0.448362103057019,0.0290907842882197,-1.56065,-4.16079689079301,0.43873929788216,0.763405110375169,0.482465075032801,0.885188920670853,-1.52277478170877,0.984564282491152,5.02579374885644,7.144251371559,6.70385949001135
1711329822_75985,0.730349180144227,0.560161160193361,2.06693586299859,2.00412943115377,0.775446733650721,0.429586748595489,-0.917248842491897,0.621210146941184,-0.800774541516988,-0.347166529163665,-1.56065,-4.17103779813599,0.456587811454286,0.753270304810388,0.387689670744074,0.870034643308836,-1.40246796795132,-0.256821201852586,5.14467966571258,5.98779708777066,5.59618623800878
1711305833_99472,0.726091739135352,0.561549707654881,4.76037461208885,2.01624563320199,0.692044423850433,0.232949888805839,-0.91720475786153,0.428241071264818,-0.734223353525236,-0.142484085521101,-1.56065,-4.14804668280715,0.340834843700615,0.748821579441653,0.373508754948137,0.867578687515046,-1.41598764990358,2.56238774813139,5.16196135032149,8.67729053048197,8.27437611446397
1711318053_04831,0.729209908047431,0.565200112298561,4.55578582905571,2.03353319543366,0.319834397819967,-0.0939523308807448,-0.882777502417413,-0.0669122458000543,-0.465311893284498,0.215657899180336,-1.56065,-4.16190718092325,0.192109758331867,0.660669469282415,0.303365525056166,0.736558254330487,-1.47964307034228,2.3724543639866,5.16023688602567,8.44981170630695,8.05145355926545
1711320560_93486,0.723865921622589,0.57463833468624,4.8412604299971,1.53421842433991,-0.274957601618169,-0.551105997944579,-0.883956393717342,0.358909808661854,0.116206588471698,0.628735200229048,-1.56065,-4.17212146464778,0.351101163533217,0.602290267159399,0.325411467996442,0.704174723280291,-1.79775733940341,2.6027668555946,4.66747239175103,8.75103045517312,8.33990234125203
1711298702_64481,0.728253075124964,0.569916664890773,5.09006016189515,1.60315957419565,-0.0252959221421585,-0.23487610959587,-0.875340585544735,0.702075018985861,-0.0629006508106102,0.290637804689685,-1.56065,-4.15437606325456,0.414512324587824,0.620940465037237,0.554128915626354,0.686491837235258,-1.72758432636076,2.819578865985,4.74078369673177,8.98883172069305,8.59893001266674
1711287830_37674,0.732219094827274,0.56278866061867,2.84385606340371,1.58531017329401,0.700384466993221,0.0237635734839676,-0.924349064824989,0.0914223410643339,-0.746115818519313,0.0744544872848134,-1.56065,-4.1798714624846,0.271516977549766,0.786274675737405,0.261721298401508,0.898412200661853,-1.67915575173009,0.638269725727841,4.73310193783973,6.76762138848898,6.31744214847157
1711292309_60072,0.72947615342735,0.571888367456362,4.66230585806209,1.47054786068402,0.538346029061539,-0.0261647307789364,-0.902367172498073,0.0432969538117948,-0.63173664310778,0.143560928772634,-1.56065,-4.18105108022829,0.225198276693795,0.670895805813959,0.309036524665365,0.769772663717566,-1.78771268134576,2.4238879957275,4.6166142831551,8.57914761762599,8.1752398757342
1711321249_56772,0.730271681019064,0.56544819755026,3.22908837135753,1.30926377818734,0.550768485635609,0.260890951012533,-0.905141528537937,0.60865673682866,-0.62491205595978,-0.194433540567796,-1.56065,-4.17658768072019,0.442786135494954,0.708026231268851,0.405948741032229,0.799564570794636,-1.8096082863531,0.971539961402755,4.43819735811221,7.14731368875318,6.69484502329942
1711307436_18866,0.732678572509513,0.562968605381173,3.65172584070877,1.47689395585633,0.775666878422427,0.474182107005567,-0.902004774250481,0.62281318773728,-0.841487380780502,-0.421238144712699,-1.56065,-4.18457082292739,0.461550921442471,0.707656120103358,0.381939055835354,0.816034580985554,-1.68895054731012,1.42513292068704,4.61023265297104,7.56781563952846,7.14909833825516
1711338141_39066,0.734595098921891,0.564421462757213,4.793844305265,1.24992939172511,0.675283454688167,0.436992117698259,-0.919886764770426,0.266585522399002,-0.789235420479169,-0.376449787203925,-1.56065,-4.19722445678963,0.341512768540257,0.757324498976978,0.147162529597164,0.861678551286122,-1.84950086260088,2.49068314820822,4.37317724061267,8.71932106751933,8.25855076970075
1711342530_20099,0.731156924132462,0.566649178316564,3.25515305399813,1.00497943973083,0.448386167328517,0.284379361230777,-0.905839015375801,0.498264823957426,-0.595276984571833,-0.247773265841504,-1.56065,-4.18897631066001,0.417812080396516,0.710798951931153,0.237824906110167,0.805458952247148,-2.00737574386558,0.985318512677495,4.14071560077745,7.19118871877447,6.70453254103373
1711335683_67083,0.728253596313625,0.568253118565877,2.92997523721222,1.17983057408411,-0.36028922877836,-0.799948775639706,-0.897115897464455,0.240123535476228,0.181581002349997,0.829899589221032,-1.56065,-4.19446152628848,0.270092303904741,0.650845616147763,0.327745730441511,0.746650449708076,-1.98002910990034,0.622801013937255,4.32226578131086,6.85423503106295,6.41626487050113
1711333180_16944,0.727563330841162,0.56804310631828,4.41564763139731,1.41925028091523,0.413381591039322,0.0127141054766696,-0.891502789224795,0.351362349722826,-0.498137465186063,0.0840034961276368,-1.56065,-4.17475747750041,0.292661160031591,0.689093151794279,0.375388293155768,0.766831723701053,-1.80045924285674,2.16291364282743,4.55601879144283,8.32273231250697,7.92736958431744
1711305599_77605,0.729819671283819,0.572440777290432,3.55085041063095,0.920952850170066,0.630936038615569,0.0178343348526561,-0.905530925191552,-0.223434407335207,-0.740672825032652,0.151145485632434,-1.56065,-4.19680329735171,0.195924396909059,0.691145418348366,0.278168476974649,0.775781953900543,-2.08228496622464,1.30425676049471,4.05873294126972,7.47260829559281,7.02015743942375
1711312174_80923,0.729846408196835,0.565165422823175,5.09708431752988,0.81800925074989,0.505581268910226,0.236237331033274,-0.915593137298295,0.782017476795094,-0.552548617446944,-0.194897962999179,-1.56065,-4.17633071961135,0.598456708488546,0.744162714201499,0.568304597198222,0.868980604847799,-2.07029838883968,2.85791510636964,4.00420426561969,9.04405849431362,8.60327807749422
1711301686_06488,0.733230643748118,0.560733912656461,3.27268237126355,1.00894633415678,0.575750639292846,0.0329137842200425,-0.921570605297673,0.29148888928276,-0.658945679968825,0.0285911066859518,-1.56065,-4.17939348207507,0.291122916912981,0.802994644926856,0.30845917060795,0.897543256999774,-1.99748525183619,1.06780568977733,4.17358637359146,7.20126438322545,6.72313086032574
1711316551_60108,0.726115258535003,0.580300183242948,1.67439517892428,2.78833120012752,0.0194887426092598,-0.420801969606645,-0.87610135672122,0.0639498546573035,-0.15542862345034,0.538836092870873,-1.56065,-4.17278526824845,0.199446865800403,0.546352543919331,0.32000430614255,0.649654293325073,-1.10153407969302,0.0831173714950768,5.8886829299292,5.71942348344374,8.29397135553543
1711307815_52636,0.726690869360796,0.565535274138316,4.22316421535479,1.09464277209202,0.282509285863978,-0.109495589376496,-0.907016049828816,0.633483511646341,-0.313415862863915,0.189286783972335,-1.56065,-4.16526822298772,0.360585519200484,0.694406195746947,0.511023285702081,0.821236063625147,-1.96142035589671,2.01496271617504,4.25846403055786,8.1572667761612,7.75279805127365
1711307847_30876,0.641972606855569,0.589583312570441,3.68415876557274,5.34257561632718,-0.867490550663691,-0.918662972934751,-0.921670092079949,0.848848799285688,0.745465440317981,0.917360396806742,-1.56065,0.0121265239820282,0.750137448805518,1.08528591586044,0.714328478499607,1.20443567210532,0.0067520928845084,5.20270046116407,8.44842096106796,7.54518253297176,8.0800219218765
1711325901_63516,0.732444812035396,0.570562569767919,6.30587420003915,0.494329527121875,0.109088863929192,-0.383913648069671,-0.902911841284355,0.469016337927136,-0.268969950786054,0.36846938295371,-1.56065,-4.20233842063063,0.410466992225076,0.689715531300358,0.222717941386771,0.790344322286095,-2.30830346560939,4.01698884668075,3.6376169245292,10.2481771136989,9.8049541906473
1711292784_71362,0.732018772316171,0.563391137045898,2.69477250009574,1.49504029246578,0.551952547360814,0.0537768867658721,-0.922138305569654,0.27230815095614,-0.571095066335522,0.0799585611390878,-1.56065,-4.17017528320866,0.165637495035997,0.855360674311587,0.382426341677819,0.909909435247939,-1.80085461351086,0.520530163260088,4.65025588552269,6.59951401134959,6.21957644168857
1711298722_67016,0.730550636077985,0.562339353095057,2.9305423118968,1.70319796117669,0.77898654621383,0.715379661524917,-0.921717716591001,0.720268039389875,-0.835116432730829,-0.681433175778249,-1.56065,-4.15172828916996,0.518730177553013,0.858648560974662,0.437088110979775,0.961614194951292,-1.55718200949638,0.820999750987943,4.86075255277791,6.85066712045539,6.43747541052374
1711306604_37206,0.73677063183463,0.571967001187266,3.21380196129117,-0.198285048562044,0.767729673299165,0.504518712069694,-0.891999653131036,0.600164299762417,-0.845069898585106,-0.455557718307532,-1.56065,-4.19661788849463,0.443667018487051,0.658189214806729,0.271792721543249,0.768934726616894,-2.60114221866043,0.898417817442391,2.98771992249238,7.17460980763268,6.68718160315277
1711343220_00164,0.735245699253828,0.578808083647542,3.01129000508163,2.41773299932366,0.698062433026827,0.795432542969594,-0.899358262172099,0.499689059221434,-0.808092339522994,-0.720005184564889,-1.56065,-4.19662910682857,0.389207889744151,0.6621863813184,0.263122147891097,0.731378092264328,-1.1980166033197,-0.010843499317714,5.49878137635802,6.97708198823611,6.3494336059925
1711329926_25669,0.731977522525397,0.568553919264296,0.39138508799761,-0.241008033839316,0.428729556716248,-0.226856041096565,-0.944313089118565,0.391554587498279,-0.435675983441276,0.313015975764882,-1.56065,-4.26892523972094,0.247202946005941,1.07579456831729,0.399678400602327,1.16246102962784,-2.78318219356729,0.354399478190075,2.97735031933356,4.99059886701142,9.81283228445496
1711323574_95402,0.699927647853605,0.615602108149343,5.08338094793087,2.70559573807131,-0.793732489293637,-0.804148072550385,-0.893878059803649,0.942326456534747,0.757296803447609,0.82636979381612,-1.56065,-4.07466419157246,1.29384559965781,0.673458536130489,1.31633773106747,0.650757157145437,-0.78697329894308,-2.90369058925339,5.77689325716183,9.10096150051964,-64.5518017673457
1711305100_03749,0.696083032933008,0.617856056222574,8.33221628670706,2.95554448292367,-0.833769743316236,-0.819976007510563,-0.901359828784311,0.954582281411314,0.827447591133967,0.857683836678489,-1.56065,-4.10481120318146,1.46683918523086,0.690127026821719,1.50461540857683,0.662882654343774,-1.07239536489315,15.9570707240528,6.08234893661587,12.358442793446,-32.9363214232427
1711309032_18484,0.737704826229814,0.591567345685302,8.50405726976122,2.43784114612212,-0.595796457832807,-0.70311287307198,-0.895820150138883,0.871737288445103,0.511150687024654,0.710382898820182,-1.56065,-4.12921478397814,0.804750731031261,0.665858227222974,0.813329276631294,0.685449064360922,-0.839017688070887,-1.76561803869172,5.44898037416788,12.5137141825925,5.51547010078124
1711315150_88065,0.742537803403318,0.617332573106121,8.07685557398145,2.19023695148379,-0.42997871707967,-0.660004271340169,-0.875316584096953,0.704038602469612,0.22491491437839,0.594261521087395,-1.56065,-4.19095118619467,0.472453055280879,0.58060290142632,0.476950169941814,0.602802224223493,-1.06258401561086,0.800247681626419,5.21604955516137,12.0921260679688,-56.0860869808111
1711328828_17754,0.73859301053501,0.616142736561781,10.6124590452377,1.80716691363371,-0.744992827638098,-0.732084901137361,-0.851975219698692,0.856947482331363,0.639606622294597,0.764046274819802,-1.56065,-4.22190057729868,0.747198461871851,0.574739773467712,0.729498449316452,0.56151878884794,-1.36076842396885,15.7768498731774,4.850278174694,14.6363133595905,-34.3607757903061
1711291709_81569,0.744380685767445,0.600088856918888,9.84275207040125,1.79935594802695,-0.544606177107026,-0.704508480818417,-0.888494304407987,0.764203938619847,0.433082654810306,0.720907119190618,-1.56065,-4.18048880420545,0.545056427355438,0.610207719010834,0.567087218672916,0.633338019051539,-1.21307731345967,0.466253079115715,4.8182435667837,13.8590234362536,-6.06232226855619
1711309033_9657,0.751476060823571,0.583275740804837,8.84244644831517,2.93096426013754,0.0960676089084613,-0.236865389941927,-0.918469455831898,0.748865051900159,-0.0858121301684148,0.314744315224655,-1.56065,-4.11994208723612,0.446895062128214,0.769669564437689,0.546486266041621,0.826238116565282,-0.446017522023278,-14.5400657365127,5.92992510093385,12.845323212536,17.4029041371127
1711288299_649,0.747063088437911,0.62123719702739,7.82950995497674,2.14756107742647,-0.265911784513198,-0.353238667664312,-0.868531198518024,0.102803226006827,0.0941780765542453,0.527523961483599,-1.56065,-4.24101415312468,0.125112690209502,0.552984628384232,0.359675053842598,0.58166253998095,-1.17837341492751,2.1481565980214,5.17587582237753,11.8479242776528,-12.9056140814096
1711320347_00287,0.781211144778676,0.645802811539731,12.1535212666772,3.07158573835473,-0.873885855583301,-0.856194664059067,-0.921763871660548,0.952979968172763,0.872565544276123,0.890856699657193,-1.56065,-4.50501584488435,1.19544933656642,0.72721104381513,1.43534279979912,0.769477933700208,-60.2116333169871,-7.2632557902438,6.09919834016765,16.1217187472256,-40.6172844331474
1711318989_02002,0.813917352201388,0.723781689588599,14.8966727475723,3.13495634218876,-0.626840756928411,-0.71169037757874,-0.880283163401676,0.80878910037122,0.591690767840148,0.790948764970279,-1.56065,-4.55226528638618,0.560206422870402,0.553800019847446,0.739748852122354,0.629553410226566,-171.180511515008,14.9546121917602,6.15014815075082,18.8579567667041,-66.1974598065427
1711327380_96853,0.838237743545268,0.666376133642602,13.4840108248285,1.30208633260252,0.026324695958214,-0.413617446343459,-0.902445363381827,0.64780308239927,-0.171046992822824,0.37201554801748,-1.56065,-4.66383975679693,0.542922466948392,0.774088878003241,0.422393404988811,0.826211055803676,-120.779991447919,18.0703431809137,4.28588944857049,17.4141092367668,-35.0591783126406
