"X","run_1709655900_16236","run_1706206076_41173","run_1711102688_01003","run_1703163605_31637","run_1703924901_67844","run_1709440563_85341","run_1703671381_02647","run_1702291085_27364","run_1703682241_31777","run_1708551400_83977","run_1706481488_46013","run_1703606116_52543","run_1703168765_74481","run_1703808444_66179","run_1703168765_29399","run_1709206129_04022","run_1703850686_73043","run_1707232221_92419","run_1704876132_86188","run_1702892516_485","run_1703162829_05945","run_1703379700_73382","run_1703163604_4765","run_1704040010_36676","run_1706974803_07875","run_1703892400_77143","run_1703668584_29054","run_1710430466_28479","run_1704876141_59057","run_1710430384_74705","run_1703869540_79076","run_1707966019_92386","run_1702059867_53786","run_1703400251_19353","run_1711102688_84828","run_1703162829_06139","run_1703168765_92347","run_1709206129_71127","run_1707454023_09692","run_1708351283_39449","run_1708099692_29719","run_1706715750_48201","run_1702664681_58336","run_1703609226_86413","run_1703424484_03185","run_1709034068_46024","run_1700838053_61601","run_1703599626_99992","run_1707715038_18933","run_1702335922_37296","run_1710914013_51856","run_1703380667_53379","run_1710693411_16574","run_1702059868_24226","run_1708099698_36132","run_1704876139_03197","run_1710430467_49315","run_1700838053_63081","run_1703855491_08328","run_1704876138_78848","run_1708766705_71615","run_1703367678_97749","run_1703168765_34755","run_1703162829_93393"
"a",2.5330706775958e-05,2.67778793188332e-05,2.52928419916326e-05,2.5524456299116e-05,2.56174453941981e-05,2.54823056439822e-05,2.59566536228313e-05,2.60423247212287e-05,2.61514472069873e-05,2.56789703040856e-05,2.56530399739492e-05,2.57951280396914e-05,2.6102693427986e-05,2.62053088815714e-05,3.21696712970929e-05,2.94056755392846e-05,2.79610577112152e-05,2.80220340665397e-05,2.60354211367935e-05,2.73205316659599e-05,2.61859889740712e-05,2.60264963691961e-05,3.26386344724877e-05,2.5951652053383e-05,2.67498573567489e-05,2.65080756433264e-05,2.64157812382314e-05,2.63453013862075e-05,2.7278719802883e-05,6.31563610637531e-05,3.00169898120502e-05,2.7306389565973e-05,2.69111041817351e-05,2.77849805864192e-05,2.70277146368153e-05,2.73024090886315e-05,3.08228195242262e-05,0.000316014447362713,6.10747960793386e-05,2.76023110021368e-05,2.80504292705625e-05,2.8440269435205e-05,2.8458228347316e-05,3.54909782287837e-05,2.82798142471263e-05,3.07389042501409e-05,3.11854585606974e-05,2.89045988700327e-05,3.10967398202915e-05,3.52380926801622e-05,3.27681545262454e-05,2.96539970023963e-05,2.94540635090506e-05,3.0397560419275e-05,3.71133192518313e-05,3.16504249007781e-05,3.24367508297282e-05,3.35278691944077e-05,3.20689514779325e-05,3.45898336135901e-05,5.93969419118182e-05,3.66179723642342e-05,3.53074366470701e-05,4.37424668310387e-05
"delta1m0_pop",0.0363931354724173,0.0354695297224592,0.0362789429432391,0.0392892599148373,0.0405114632569435,0.0370131239209287,0.0416187790876141,0.0379247011770217,0.0414492564027109,0.0442486752108298,0.0414688326219647,0.0425414316250426,0.0502532545543288,0.0638466202818115,0.0440136044093485,0.0452694211217684,0.0394001810825252,0.0390604591803213,0.0464552100226104,0.0367185026909801,0.0373492336500953,0.0401404615862927,0.0394772400278366,0.0424246191564591,0.0415615484149694,0.0391004096461642,0.0417096649275957,0.0408490684294217,0.0488184435051993,0.0471260987178198,0.0417770267112094,0.0437550161752718,0.0421038250315942,0.0502558566177075,0.0413058550586656,0.0431834204042963,0.0439059994675182,0.053914092733239,0.042181323144633,0.0443944971611548,0.0438121568711123,0.061902346038521,0.0436886990446668,0.0412184327453486,0.049713695153858,0.0411166962174834,0.0536835324071277,0.0597581172602563,0.0453249918820243,0.0444982109842819,0.0385958121732352,0.0472711133606477,0.0392855993902449,0.0582977354032801,0.0491012155895439,0.0547026660064805,0.0463496406525451,0.0428426784029796,0.0550406635300811,0.0545008914017645,0.0643431536849866,0.0563345319238054,0.0533231753338356,0.0576334290560126
"delta2_pop",0.0663070062710137,0.0300021841186221,0.067817993291409,0.113231971219647,0.0441584870214023,0.0674658427137035,0.0414224991348622,0.0497841455234373,0.0690822674543507,0.0447493164514876,0.0495887409805772,0.0555533112206487,0.0443427993799596,0.0323533955835679,0.0763135832098219,0.0462444712166258,0.074329381089167,0.0722018437870213,0.0641687413347734,0.0474137138157896,0.0513703539389063,0.0516491628972987,0.0563538436394414,0.0989133796570869,0.0466095483392775,0.0460487416365183,0.0890820020984299,0.0602444348462089,0.0609886146049042,0.0608301601993924,0.11991779424756,0.0439550020669745,0.0885946912658519,0.0540348114467091,0.0517417254313961,0.0703011415229495,0.0682783351097147,0.0787640031748076,0.0642018588675042,0.073089950698745,0.0572171860927328,0.0465763216963975,0.0444551258312135,0.0595470927293328,0.037534955043042,0.0889118712468338,0.063445624892175,0.0543053593943595,0.0482109133576051,0.0475692883749592,0.103290431909796,0.071015633973139,0.113663854871167,0.0682792853002471,0.0518731937313637,0.0492606087153614,0.0525227117614342,0.0616644245119843,0.0406145800757789,0.0513554552910188,0.0414162349994579,0.0422142577981468,0.0360745217040017,0.0354123294470192
"e0_m0_pop",0.0229909647122543,0.0218682964489061,0.0271344798598724,0.0298911536672422,0.0283786167730719,0.0226076854189471,0.031958621811555,0.0214887029785949,0.0300306286661453,0.030045139184823,0.0213044699816065,0.0189699683456992,0.0253029959571212,0.0340184525900537,0.0259662552245078,0.0286476435836407,0.0264853172173734,0.0285458817879141,0.0267704616699151,0.0232291395314967,0.0219704858981182,0.0295382447260921,0.0226967450256756,0.0300814458380525,0.0269330997685547,0.0225377341416534,0.0290722332884645,0.0277605544808941,0.0238223483290382,0.0283955428654823,0.0244698459840148,0.0319108268478538,0.0290950431153151,0.0264907998473611,0.024721658725716,0.0279153362765766,0.0231405552247857,0.0284967509231008,0.0279017431745182,0.0316223659248463,0.0311761298202351,0.0320859300301677,0.0290605642419648,0.0233403011659634,0.0271548882817924,0.0271217688359718,0.0259594743235788,0.0239501643216002,0.026883833991914,0.0245462278843564,0.0236189390210066,0.031463048653449,0.029851648433286,0.0299366095465172,0.0216641973153747,0.030073222312569,0.0235908679471368,0.0205777745149526,0.0275940710737497,0.0272090336015504,0.0280404014767998,0.0267526396006307,0.0199803566074366,0.030917197873932
"gamma_pop",0.0351330153643081,0.0411147254804424,0.0419978353088593,0.0311602307706851,0.0367306494261736,0.0349625381922001,0.0370582405309536,0.0430218415669313,0.038875171182881,0.0372641098492502,0.0415825791606744,0.0351346517532337,0.0341650487652152,0.0295241825256055,0.0366191704414829,0.0388582805026508,0.0427391310992317,0.0328450381216136,0.0419526220683953,0.0339453540911858,0.0420101266644249,0.0398080768710046,0.0481700294417389,0.0381620241748622,0.0387883042545824,0.0357676854837886,0.0374385049061404,0.0395903299686767,0.0343048851978359,0.0386041848411609,0.0322921495216318,0.0377617636129712,0.0383549350985249,0.0437772805991388,0.0365662234906157,0.0362707264055273,0.0447334128176733,0.0403069275372462,0.0391302366760391,0.0342510325789258,0.0342677715248946,0.0401198230392971,0.031403410550071,0.0358332600867068,0.0365892522005486,0.0371930808057146,0.0423330133295403,0.0411359408979808,0.0286821227394155,0.0358835890431082,0.0322638359317364,0.0373897657025863,0.033602314454189,0.0457908516321592,0.0413368089978318,0.041083212248917,0.0433358007902716,0.044377216557359,0.0314468398825166,0.035038484704742,0.0522279231965286,0.0402489245619791,0.0376592336431939,0.0233948780868089
"k1m0_pop",0.0194407207791859,0.0213894726106176,0.0243455241315391,0.0230750730873516,0.0220814569210753,0.0275084086132091,0.0228375383466612,0.0254081893082461,0.0286403776095479,0.0223118241728181,0.0255559991693344,0.0317103278785797,0.033468768711416,0.0304913082722398,0.0250321274975489,0.0255219703358361,0.0260382696413176,0.0262287324741112,0.0340149348783894,0.021018778546079,0.0232461474095766,0.0233039865452603,0.0282716028902436,0.0308297334306917,0.0244059637793256,0.0197991543902101,0.0280658825718825,0.0294803552268378,0.0365219677410185,0.0256648809028389,0.030139977762373,0.026389087566527,0.0293773075134001,0.032989475752522,0.0240174534556501,0.025816808623033,0.0304273911746573,0.0352188113219356,0.036730821617711,0.0337530284900167,0.0270134121228886,0.0362180357165099,0.0229207758775196,0.0299523084656507,0.024841114955698,0.0270596107718271,0.037789185226311,0.0367613216461375,0.0270226284227887,0.0265824190516872,0.0312506854000212,0.0270325872126051,0.0268251006140838,0.0385561430136626,0.0360656666250245,0.0321381755913333,0.0323216205183682,0.0360586347301764,0.026851266947315,0.0337272163984847,0.0431774880848302,0.0322535697461095,0.0335552538686897,0.0293421450229001
"k2_pop",0.0260982802197775,0.0220254766138155,0.022567318820311,0.0299999675946704,0.0214373687767366,0.0323583997776213,0.0191924639475532,0.0280214553217183,0.0353914149653275,0.0233624721310237,0.0244553051973312,0.0341598561294843,0.0333647421061302,0.0296152550685924,0.0283545703187346,0.0224624627691494,0.0297390089156615,0.0310951281313713,0.0411947544867191,0.0223230663201547,0.0251380135257913,0.0242094053104209,0.0344490312830226,0.0295672746294137,0.0239930549578948,0.0224384763027459,0.0292673838645226,0.0303689842056187,0.0354072196978963,0.0265625232021078,0.0349319826621235,0.0256873647558704,0.0300035749906555,0.0381952403008998,0.0242158203446585,0.0272995887018665,0.0314579837199513,0.0363645224299802,0.0366934197232338,0.0299814694281651,0.026546981266781,0.0434943683511142,0.02351348225819,0.0362631185245704,0.023984567598455,0.0260118128684456,0.0431500770309827,0.0444668725663128,0.0251603810984715,0.0256426730832002,0.039052744488372,0.0283933614943505,0.028558157750432,0.0376976981775753,0.0363734686490171,0.0287861933020559,0.0375740082977365,0.0407119236533376,0.0202532391991976,0.0236756132950733,0.0743644722474506,0.0288912801684967,0.0263711649943872,0.0243077447130731
"k2m0scale_pop",0.0172336340499601,0.0153579320506237,0.0171142701253087,0.018813408850563,0.0159276171730964,0.0181137948368193,0.0157462290010223,0.0171626033909384,0.0180048509528576,0.0167763634821141,0.0159856912572168,0.0191945155122481,0.0213608142948745,0.0220014231178169,0.0182307609251191,0.0165320602852709,0.0177801123023171,0.019544589194537,0.0209850238400119,0.0159244632009812,0.0160660796075837,0.0162515264801363,0.0180778875423299,0.0173796274037005,0.0167047459053107,0.015128117231145,0.0165279155307148,0.0176324922897202,0.0226539769666056,0.0168946227553177,0.0177852375523763,0.0178631486259765,0.0168055228574672,0.020405687257179,0.0156146319893392,0.0159564987962786,0.0187642407040027,0.0227879104402555,0.0189533263560481,0.0216805619815489,0.0166821314497237,0.0244488718598996,0.0157272079572268,0.0172998946490926,0.0170650104015066,0.0172151954115523,0.02193054802613,0.0240364955171805,0.015438545719717,0.0161130299566413,0.017732723434062,0.0174155868170797,0.0173759897035316,0.021988192647942,0.0201369170635726,0.0186002553973925,0.0166797811676295,0.016054876913484,0.0165813632321989,0.0179065312762551,0.024241398109624,0.0180788766273661,0.0178696405052832,0.0169295480461297
"offset_pop",0.00475444257501896,0.00476132643874847,0.00476426711750138,0.00475919830118172,0.00475770589048302,0.00475700337557696,0.00476976751780509,0.00475763777219061,0.00476046086503468,0.00476282977885066,0.004759865092591,0.00475837222816431,0.00475818728751355,0.00475933993429029,0.00476052670424409,0.00476645308210539,0.00476280384359066,0.00475818791255333,0.00475966074080746,0.00476303263797544,0.00475748141478655,0.0047586811141074,0.00476307362770188,0.0047564740152156,0.00476274624058865,0.00476472964777944,0.00476048145638532,0.00475993204275931,0.00476299573454194,0.00475819219297282,0.00478876008903532,0.00477002686666668,0.004772593105712,0.00476608794098425,0.0047640974582071,0.00476304920069676,0.00477400835927678,0.00477613145204397,0.00476563119363271,0.00476403572402048,0.0047691697517577,0.00476781096962237,0.00476793533574551,0.00477685074775348,0.00476759558470807,0.00477857482489831,0.00479050072881967,0.00477916038861356,0.00476670718962943,0.00476262367887331,0.00478568620791604,0.00477514550557478,0.00477657665006397,0.00478423427881168,0.00477790284658822,0.00477962907086564,0.00480789748642394,0.00481528994701253,0.00479430545875589,0.00480499261164034,0.00486031197187756,0.00480136811581108,0.00478376180349239,0.0048225522707297
"omega_delta1m0",0.0270288462449371,0.026012766169243,0.0265340439988819,0.028266405224796,0.0289652267336355,0.0271827004755791,0.0298334446039533,0.0287220054176518,0.0309970959866359,0.0320519865336572,0.0303030918015511,0.0316241709178049,0.0381162742331634,0.0489437239876624,0.0316237876768296,0.0329377751477849,0.028544471944195,0.0292522069943193,0.0352523283321496,0.0268361649303468,0.0275999773462317,0.0295414993233004,0.0301150231408354,0.0306183120496108,0.0298896233231059,0.0281464736093904,0.030130947622133,0.0296693554158731,0.0363317834880015,0.0342513283190813,0.0305071592651809,0.031149119573334,0.0299889546699815,0.0381547926129634,0.0305129410408766,0.0313196545324067,0.0317672080322377,0.0401173131023001,0.0315861911791435,0.0316238282260088,0.0314797978302526,0.0463317561303591,0.0313578289369158,0.030259910622613,0.0357648401805951,0.0296593247391251,0.0391447679807535,0.0445988682747221,0.0324514650696224,0.0315233242520112,0.0276978733962172,0.0341651902563396,0.0282239634517738,0.0425385684002922,0.03601492114713,0.0403510853433371,0.0337481306702844,0.0316699905036771,0.0396635656580284,0.0396893253258529,0.0509064288490264,0.0408421036656257,0.038297628227339,0.0414553508660427
"omega_delta2",0.0557859267909844,0.0216524549317848,0.055418884951176,0.10891293322109,0.03545915136497,0.0571217378708123,0.0320150336281362,0.0372655990220629,0.0540804835202016,0.0353007465820204,0.039403991523206,0.0475448457122856,0.0352415961651224,0.0251427136194448,0.0705033285623261,0.0369194108512232,0.0634043476708139,0.0574648375506928,0.0523275667780227,0.0350706879352744,0.0383244699911518,0.0397126491081232,0.0421325670945981,0.088827300287666,0.0361288845830605,0.0371664327429993,0.0852439566925796,0.0459212557489871,0.0541163305193969,0.0510845619439793,0.121109601447996,0.0361517011640285,0.0743315522841846,0.0396692706764455,0.0412394216642125,0.0576153008278127,0.0576426286375081,0.0771594893493622,0.052195550098696,0.0650312738030188,0.0476473691014075,0.0383292784668884,0.0362862951781604,0.053701061267013,0.0307807500456008,0.090585429876094,0.057300530189674,0.0459077213373932,0.0371608126661176,0.0359820637162971,0.102646935965242,0.0649994798790176,0.107575531761799,0.0596433224075962,0.0405695515375801,0.0372098690269868,0.0439544846310603,0.0525115394811752,0.0302553372032052,0.0372126710037292,0.0323073935800198,0.0316770586760944,0.0261742651931391,0.0271036848279537
"omega_e0_m0",0.0168773625040597,0.0156300424393575,0.0191982871267786,0.0219279132629946,0.0203818377826275,0.0162211281218437,0.0228791093057885,0.0153138419657993,0.021474834277072,0.0215433520334473,0.0153838426175298,0.0136947484881536,0.0184232104362546,0.0251059950255412,0.018568515185627,0.0205174820882119,0.0191264515914328,0.0204366830987993,0.0191117471745213,0.01657113674019,0.0156899704052335,0.0209822672637295,0.0163273892160119,0.0217851724777168,0.0192835271254563,0.016121309443085,0.0205793076120714,0.0197001853054372,0.0171706260063878,0.020440075407793,0.0178179547890559,0.0227836200484235,0.0206367018644842,0.0188257484526983,0.0177650026074855,0.020018603359938,0.0165833266173324,0.0204496388712552,0.019919684755666,0.0227563267985031,0.0221980187429929,0.0231160728384729,0.0207084164775571,0.0169784703714497,0.0195092334053475,0.0193935005113213,0.0186419621777128,0.0172524869547737,0.0190402747546676,0.0175537925604388,0.0170903727337061,0.0225820743749043,0.0210896204536321,0.02128990012114,0.0154980473096513,0.0214423032026315,0.0171363357263132,0.0148591833368627,0.0196357655705483,0.0194043817265816,0.0204698732651362,0.0191227910074927,0.0141722931938583,0.0221462115891521
"omega_gamma",0.0253029049770168,0.0327671001039202,0.0307376264131978,0.0219508170491406,0.0269638675891628,0.0244463996033185,0.0282977080017905,0.0311388591351388,0.0274241916759867,0.0276635383507714,0.0308233374494231,0.0246557019371789,0.0240438414053306,0.0207688523823395,0.0260009821360016,0.0282733125685461,0.0308684352878324,0.0230428248845052,0.0295915090272326,0.0254856012571604,0.0310911902575656,0.0292116760436346,0.0348959103472177,0.0268397665621594,0.0291706748266427,0.0264001399275717,0.0268329172681499,0.0291062639287714,0.0241755749943259,0.0292181973088042,0.0229829939896571,0.0273097637340273,0.0278244217941205,0.0311128994529498,0.0266980024191723,0.02635952913304,0.0328750875754629,0.0285761662792648,0.0276944285927639,0.0242144243910146,0.0246265813063596,0.0283060545606267,0.0227479503294892,0.0257019006744156,0.0266986477781946,0.0272797545586678,0.0301139207374021,0.0292485231549845,0.0217539699390273,0.0267645019596755,0.0230168712084087,0.0270449486210164,0.0238138010971102,0.0327562246338062,0.0292028557396758,0.0301172210819039,0.0318595784864591,0.0330962848918927,0.0240115957357284,0.0263966458537725,0.0376183392589138,0.0296590173236607,0.028231139897854,0.0175999442162108
"omega_k1m0",0.0137530883217507,0.0152181273498132,0.0172335906950212,0.016294340680739,0.0156421318508529,0.0193584476918182,0.0163211437302041,0.0179664628474167,0.0201048163228081,0.0159253766242058,0.0180741164183947,0.0222867567149408,0.0235562969508266,0.0214557970017572,0.0176349087729675,0.0181238394036733,0.0183957664435885,0.01848468220006,0.023905714176467,0.0150468405960622,0.0164925473786272,0.0165568836989198,0.0199184588982416,0.0217629584041752,0.0174714981584817,0.0140311876871612,0.0197821768864787,0.0208832652929036,0.0256971460671308,0.018139802143071,0.0212965412132889,0.0188546544850028,0.0208171508116405,0.0233246138280938,0.0170797671190085,0.0182787074747669,0.0214986501964738,0.0245614582913948,0.0259769282119973,0.023641174742081,0.019114414435733,0.0254866432847373,0.0162915477059308,0.0213371894950504,0.0176139415536597,0.0191459457115808,0.0267101609211231,0.0258512591359828,0.0190770243070214,0.0188546136756116,0.0221796683209722,0.0191726408257402,0.0189237890460796,0.0272110340060589,0.0254034584776128,0.022919387828799,0.0229565134018178,0.0256794735538878,0.0191876265471041,0.0239513947249565,0.0305053539266304,0.0229537963493786,0.0238124556174882,0.0207810763028205
"omega_k2",0.0185080015655713,0.0158530597377106,0.0160773721390348,0.0212698547357448,0.0151486372698034,0.0231046444043759,0.0137093989366428,0.019871138909543,0.025114802512126,0.016626245028657,0.0174508332785387,0.024596057250609,0.0243660712594366,0.0214677554318593,0.0203030688462477,0.0159346837375801,0.0212762940931424,0.0220928595100302,0.0296269788381776,0.0159328919298212,0.0180160693380105,0.0171872149765499,0.0248695998905748,0.0209132979447164,0.0171289122392928,0.0158526631910042,0.0208401993022609,0.0216088331960224,0.0256501846168564,0.0191009587542857,0.0249777371716415,0.0184477273568985,0.0212127292191527,0.0279157410651558,0.017310385560031,0.0193638329465579,0.0224146135129395,0.0267125543060416,0.0266426515687471,0.021707193902139,0.018977427732735,0.0312566906930368,0.0167167668408676,0.0259261045358197,0.0169904553583258,0.0185605509208647,0.0309294760357944,0.0319379958416558,0.0178436062690921,0.0181585136150499,0.0278588399421738,0.0203042887502091,0.0204823357565793,0.0271679459772659,0.0263426710923942,0.0205769750350583,0.0268478739671522,0.0290899913340771,0.0143338101638842,0.0169777490379014,0.0539928336563553,0.0205901928492319,0.0187430422738258,0.0174168006172304
"omega_k2m0scale",0.0121684595920361,0.0108696763068359,0.0121231558186502,0.0132904257045236,0.0111997325615582,0.0127309896781967,0.0111608260964477,0.0121257813701047,0.0126548115972191,0.0118486647285736,0.0112644776467354,0.0134810047335821,0.0150442584767548,0.0154895200537041,0.012873995472102,0.0116926622940915,0.012558191682349,0.0138212287784615,0.0147272581255237,0.0112964590737259,0.0113781330941757,0.0115150556839714,0.0127134156034855,0.0123050458359359,0.0118252808835685,0.0107251787336243,0.0116757691752387,0.012430819450477,0.0159087462872691,0.0119063607448237,0.0125634492747078,0.0126111373818807,0.0118073692468542,0.0143566615642417,0.0110694811794215,0.011301273801103,0.0132983586504038,0.0158436337086133,0.0133636321645252,0.0151338224019444,0.0117916514503656,0.0172028688320607,0.0111363283821853,0.0121959280596031,0.0120748999092505,0.0121728792510093,0.0154182951886007,0.0168661992469341,0.0109441429293727,0.0114223637715303,0.0125237962258154,0.0123054612325178,0.0122043263480831,0.0154648936194053,0.0142061071155564,0.0131506752243376,0.0118423524013959,0.0113901711112947,0.0116934867139672,0.0126773124349752,0.0170759159414898,0.0127624304995851,0.0126186356272194,0.0120078168178189
"omega_offset",0.00338889348622929,0.00339950210815084,0.00339827141096171,0.00339823000051241,0.00339426071066978,0.00339314551671669,0.00340223424981213,0.00339207682784647,0.00339542496267175,0.00339764900194757,0.00339520239503318,0.00339329522849133,0.00339263289034541,0.0033970718420298,0.00339436443273043,0.00340205108684828,0.00339997782885718,0.00339465057909125,0.00339587282035802,0.00339860420545013,0.00339494867741482,0.00339289743114681,0.0033984800609674,0.00339573403184503,0.00340007614337763,0.00339930102037746,0.0033949040680004,0.00339317807243436,0.00340051182294038,0.00339527127115411,0.00344856761587223,0.00340544812508041,0.00340355960732243,0.0034034325491092,0.00339920234854933,0.00340259943380544,0.00341165039226274,0.00341698244606086,0.00340873346898759,0.00340565348568009,0.00341063597830454,0.00340815323104086,0.00340507915307301,0.00341727097275213,0.00340840472099188,0.00341831051934119,0.00343101687860037,0.003414191695287,0.0034081872187207,0.00339995929461367,0.00343518206294671,0.00341275395370134,0.00341783035123909,0.00342734601013139,0.00341998061241663,0.00341706795022674,0.00344322457089086,0.00345927433971548,0.00344011573015743,0.00344877055901927,0.00356077052375715,0.00344946964038259,0.00343383261190355,0.00347922790801557
"omega_r0_m0",0.0162986432899757,0.01523963847906,0.0171583380941763,0.0164931946674159,0.0161169236445568,0.0158698664407849,0.0161102090340214,0.0169674095856253,0.0168145960729762,0.0166533822448557,0.0168966858645622,0.0169982108338817,0.0138227453883587,0.01112793559765,0.0171553759729067,0.0173435781204361,0.0161367130577507,0.0178499308866172,0.0171755697012498,0.0157084603366891,0.0161800640575728,0.0163141641677654,0.0171897445160876,0.0178902216523838,0.0170218133922849,0.0155870031764599,0.0174444333121956,0.0188174979436914,0.0163611573544053,0.0171566393183014,0.0160296065900164,0.0165472569074298,0.0173395732280566,0.0146876782835457,0.0160774591268637,0.0174151899726055,0.0182649504199052,0.0173799649217281,0.0164522059182026,0.0165018673499635,0.0186206273348285,0.016850510043156,0.0166886515187406,0.0142851065585288,0.0173534046922344,0.0176212231092107,0.0172348209296808,0.0164446420981379,0.0186085730430226,0.018397840508659,0.015494070800768,0.0176161426414924,0.0179871322107143,0.0197843125512162,0.0175158956299397,0.0183941213882669,0.0171370091207058,0.0158946135216855,0.0172632407910355,0.0200108811986115,0.0182148154421749,0.0207317205986152,0.0212752326018056,0.0215520685850054
"omega_tBegin",0.00697113974595669,0.00681888846038885,0.00694789578016153,0.00695531148409767,0.00698050190048716,0.00696683095322594,0.00684890389024824,0.0069763940872816,0.00704794217261898,0.00690718384036846,0.00700029246386957,0.00700460748375384,0.00706195380625864,0.00696654265562799,0.00688337048949437,0.00697620535397598,0.00688759703727085,0.00698811651689896,0.00706756664378532,0.00678499893304537,0.00684703779776273,0.00688319912223481,0.00697871503542541,0.00699363231079233,0.00692158361533193,0.00684099729562214,0.00700765048197706,0.0069864863717535,0.00694918317492898,0.00693230282399208,0.00694305690400293,0.006908704662239,0.00692688324172403,0.00696828402107322,0.00679818470262244,0.00695020188478615,0.00692824822528987,0.00701513810317886,0.00690131392582602,0.00703462440770438,0.00688563397309479,0.00702929431592159,0.00688316576795817,0.00682963054508079,0.0068793472968208,0.00692939010099901,0.0069285983658785,0.0069932671877901,0.00693053442691971,0.00691895013769622,0.00681606024546393,0.00693772441358907,0.00704244867572643,0.00687950216471529,0.0068690244722888,0.00674829609952504,0.00667809130519462,0.00664220329970015,0.00669876563054083,0.00662374035950419,0.006708496527299,0.00667560279808556,0.00658544415159761,0.00658940394884406
"r0_m0_pop",0.0228484139574826,0.0213362693878918,0.0242298999799151,0.0233086219988898,0.0227301129387838,0.0223194412230625,0.0226641301096803,0.0238792574322347,0.0237452381070127,0.0234994825172363,0.0237954741826227,0.0239553703118287,0.0194671372333308,0.0156595627521028,0.0242190671443868,0.0244242248932877,0.0227865943115869,0.0251956941407497,0.0242347850236399,0.022189435353209,0.0227934271912061,0.0230131860929994,0.024143202961854,0.0253026112992776,0.0239394234248968,0.0219547577264356,0.0246390344763309,0.0264911244136686,0.0230902358853045,0.0240340864925273,0.0226057607177207,0.0233568304851057,0.0244999243527191,0.0205376639016723,0.0226384887894109,0.0245086454178622,0.0257575616733936,0.0246152416216323,0.0232341701308731,0.0232698847211407,0.0261748844142587,0.0238171584527574,0.0235531738720803,0.0200784911632664,0.0245048602574592,0.0249534205074297,0.0243001451687586,0.0231790863223319,0.0262217311893974,0.0259682771127179,0.0218639264960074,0.0248590777080853,0.0253647904536865,0.0279633124670485,0.0247866356797558,0.0257486215579565,0.0241026110979332,0.022405721275736,0.0242142442377477,0.0281871517004071,0.0256772268451972,0.0293048533323686,0.0300099150495206,0.0303728331346071
"tBegin_pop",0.00977392320567137,0.00960261627236821,0.00977151948903099,0.00979146173484349,0.00976043290551233,0.00979804662577103,0.00964700316116937,0.00979458569826209,0.00985384909615656,0.00971597178486526,0.00978718694281242,0.00984047804202469,0.00985488300194337,0.00979614376815476,0.00972655688541494,0.0098027103080757,0.00971362140416219,0.00978820719126515,0.00986823628189457,0.00956911884347078,0.00966087033260612,0.00970485576698088,0.00980192888293907,0.0098466151214725,0.00968739983367763,0.00960863767991783,0.00982719134916682,0.00984837235030473,0.00977646045177609,0.00974992954328965,0.00975539911024262,0.00969507116986909,0.00975728382605192,0.00975946670045504,0.00956809457422929,0.00974389612287195,0.00974907564117782,0.00982990828652236,0.00968942897661414,0.00988382710902399,0.00968856857347518,0.00985318888925205,0.00965436665414579,0.00958483856962281,0.0096821284743456,0.00971510859123369,0.00972677221511962,0.00977815840557993,0.0097386122038897,0.00969712276892984,0.00959584345796457,0.00970561749303929,0.00987762677577046,0.00968986493231561,0.00963207254837648,0.00950962985076562,0.00941163413842878,0.00934283014678,0.00943754127306389,0.0093276408259582,0.009432026023263,0.00941643293428692,0.00927912827742408,0.00927600649625952
