Unnamed: 0,OFV,AIC,BIC,BICc,run
181,-35275.5872800798,-35253.5872800798,-35232.5550270201,-35201.3972859147,1674323085_79572
495,-35266.5643406284,-35244.5643406284,-35223.5320875687,-35192.3743464633,1674308747_84222
810,-35266.4183744209,-35244.4183744209,-35223.3861213612,-35192.2283802559,1674300357_23936
162,-35260.79963637,-35238.79963637,-35217.7673833103,-35186.6096422049,1674321515_29992
745,-35260.4855247006,-35238.4855247006,-35217.4532716409,-35186.2955305355,1674323218_54841
575,-35259.9988657025,-35237.9988657025,-35216.9666126428,-35185.8088715375,1674330292_82331
455,-35259.6313408047,-35237.6313408047,-35216.599087745,-35185.4413466397,1674305632_60072
354,-35259.1863744213,-35237.1863744213,-35216.1541213616,-35184.9963802563,1674313352_8338
44,-35258.7458412833,-35236.7458412833,-35215.7135882235,-35184.5558471182,1674314738_16068
856,-35258.5329197108,-35236.5329197108,-35215.5006666511,-35184.3429255458,1674303431_66684
803,-35258.0450631351,-35236.0450631351,-35215.0128100754,-35183.85506897,1674299864_93001
60,-35257.7669553501,-35235.7669553501,-35214.7347022904,-35183.5769611851,1674315833_93666
189,-35257.2730001122,-35235.2730001122,-35214.2407470525,-35183.0830059472,1674323835_29977
160,-35255.7488546214,-35233.7488546214,-35212.7166015617,-35181.5588604564,1674321403_19626
728,-35255.0292817946,-35233.0292817946,-35211.9970287349,-35180.8392876296,1674322060_89601
311,-35254.8435355325,-35232.8435355325,-35211.8112824728,-35180.6535413674,1674309829_98464
602,-35254.3839825176,-35232.3839825176,-35211.3517294579,-35180.1939883526,1674293231_55804
108,-35254.3085325689,-35232.3085325689,-35211.2762795092,-35180.1185384038,1674317565_50246
437,-35254.2247690762,-35232.2247690762,-35211.1925160164,-35180.0347749111,1674304269_58723
690,-35253.7710310317,-35231.7710310317,-35210.738777972,-35179.5810368666,1674319408_87911
77,-35252.5685407685,-35230.5685407685,-35209.5362877088,-35178.3785466035,1674317123_20843
550,-35252.1903741177,-35230.1903741177,-35209.158121058,-35178.0003799527,1674328397_11605
921,-35252.1375331129,-35230.1375331129,-35209.1052800532,-35177.9475389479,1674296636_2641
435,-35252.0803280286,-35230.0803280286,-35209.0480749689,-35177.8903338636,1674304152_8177
203,-35251.7123602249,-35229.7123602249,-35208.6801071651,-35177.5223660598,1674304963_35256
888,-35251.3676396169,-35229.3676396169,-35208.3353865572,-35177.1776454518,1674294080_84368
43,-35250.8101707781,-35228.8101707781,-35207.7779177184,-35176.6201766131,1674314651_65344
881,-35250.6332121358,-35228.6332121358,-35207.6009590761,-35176.4432179707,1674293543_52823
221,-35250.219265002,-35228.219265002,-35207.1870119423,-35176.029270837,1674306217_2072
434,-35250.2065192668,-35228.2065192668,-35207.1742662071,-35176.0165251017,1674304089_97989
734,-35249.8879411902,-35227.8879411902,-35206.8556881305,-35175.6979470251,1674322447_71519
163,-35248.876499719,-35226.876499719,-35205.8442466593,-35174.6865055539,1674321567_71411
965,-35248.5853758448,-35226.5853758448,-35205.5531227851,-35174.3953816798,1674300362_27111
366,-35247.8984870082,-35225.8984870082,-35204.8662339485,-35173.7084928432,1674314324_12387
197,-35246.3252718116,-35224.3252718116,-35203.2930187519,-35172.1352776466,1674324413_94735
171,-35246.2684601298,-35224.2684601298,-35203.23620707,-35172.0784659647,1674322350_2055
802,-35245.9984294746,-35223.9984294746,-35202.9661764148,-35171.8084353095,1674299782_69683
144,-35245.8181839368,-35223.8181839368,-35202.7859308771,-35171.6281897718,1674320179_17424
704,-35245.6521050503,-35223.6521050503,-35202.6198519906,-35171.4621108852,1674320494_32989
866,-35244.2034518206,-35222.2034518206,-35201.1711987609,-35170.0134576555,1674304120_71054
609,-35243.5772459687,-35221.5772459687,-35200.544992909,-35169.3872518036,1674293610_86745
458,-35243.5084985923,-35221.5084985923,-35200.4762455326,-35169.3185044272,1674305938_70321
386,-35243.1295765861,-35221.1295765861,-35200.0973235264,-35168.939582421,1674315935_44129
351,-35242.7209060653,-35220.7209060653,-35199.6886530056,-35168.5309119003,1674313170_91116
865,-35242.1826012463,-35220.1826012463,-35199.1503481866,-35167.9926070813,1674304044_80707
505,-35241.9106202462,-35219.9106202462,-35198.8783671865,-35167.7206260812,1674325012_85425
471,-35240.9271675088,-35218.9271675088,-35197.8949144491,-35166.7371733438,1674306904_6363
118,-35240.6902540768,-35218.6902540768,-35197.6580010171,-35166.5002599118,1674318368_70125
302,-35240.5721272389,-35218.5721272389,-35197.5398741792,-35166.3821330738,1674309254_07359
320,-35239.0131454612,-35217.0131454612,-35195.9808924015,-35164.8231512961,1674310642_69862
520,-35238.4726046226,-35216.4726046226,-35195.4403515629,-35164.2826104576,1674326147_34106
799,-35237.312986073,-35215.312986073,-35194.2807330133,-35163.122991908,1674299630_64224
584,-35236.2098037512,-35214.2098037512,-35193.1775506915,-35162.0198095862,1674331046_60519
649,-35236.0101231989,-35214.0101231989,-35192.9778701392,-35161.8201290338,1674296239_00976
759,-35235.6796385168,-35213.6796385168,-35192.6473854571,-35161.4896443518,1674324237_27243
129,-35235.4679969234,-35213.4679969234,-35192.4357438637,-35161.2780027584,1674319097_48509
500,-35235.3018376102,-35213.3018376102,-35192.2695845505,-35161.1118434451,1674324621_37469
909,-35234.8023321143,-35212.8023321143,-35191.7700790546,-35160.6123379493,1674295744_5444
718,-35234.1163828372,-35212.1163828372,-35191.0841297775,-35159.9263886722,1674321439_02027
365,-35232.7130075578,-35210.7130075578,-35189.6807544981,-35158.5230133928,1674314251_2754
607,-35232.0733667914,-35210.0733667914,-35189.0411137317,-35157.8833726264,1674293504_44603
920,-35231.9282625133,-35209.9282625133,-35188.8960094536,-35157.7382683482,1674296588_97883
724,-35231.6120650674,-35209.6120650674,-35188.5798120077,-35157.4220709023,1674321792_98286
0,-35230.7762090837,-35208.7762090837,-35187.743956024,-35156.5862149186,1674311649_26561
634,-35230.371664659,-35208.371664659,-35187.3394115993,-35156.1816704939,1674295221_14353
474,-35230.1950688144,-35208.1950688144,-35187.1628157547,-35156.0050746493,1674307160_40615
878,-35229.3430327498,-35207.3430327498,-35186.3107796901,-35155.1530385847,1674293274_33512
37,-35229.0747130305,-35207.0747130305,-35186.0424599708,-35154.8847188654,1674314286_79465
886,-35228.1139982253,-35206.1139982253,-35185.0817451656,-35153.9240040602,1674293965_75608
772,-35227.3933054859,-35205.3933054859,-35184.3610524261,-35153.2033113208,1674325143_22641
88,-35227.0718441632,-35205.0718441632,-35184.0395911034,-35152.8818499981,1674317818_81185
666,-35225.3741648089,-35203.3741648089,-35182.3419117492,-35151.1841706439,1674297290_00109
211,-35225.1764025551,-35203.1764025551,-35182.1441494954,-35150.9864083901,1674305500_77674
741,-35224.7276695443,-35202.7276695443,-35181.6954164845,-35150.5376753792,1674322957_44261
217,-35224.2188646233,-35202.2188646233,-35181.1866115636,-35150.0288704583,1674305980_85444
532,-35223.2990216368,-35201.2990216368,-35180.2667685771,-35149.1090274717,1674327037_65707
744,-35223.1605788128,-35201.1605788128,-35180.128325753,-35148.9705846477,1674323166_15259
625,-35222.9249776463,-35200.9249776463,-35179.8927245866,-35148.7349834813,1674294659_34506
384,-35222.8929623436,-35200.8929623436,-35179.8607092839,-35148.7029681786,1674315769_53034
51,-35221.4381522185,-35199.4381522185,-35178.4058991588,-35147.2481580535,1674315162_94549
966,-35220.7037073085,-35198.7037073085,-35177.6714542488,-35146.5137131435,1674300427_11974
277,-35220.2521634122,-35198.2521634122,-35177.2199103525,-35146.0621692471,1674310018_30851
294,-35219.7769531578,-35197.7769531578,-35176.7447000981,-35145.5869589927,1674311211_39949
639,-35219.707718272,-35197.707718272,-35176.6754652123,-35145.5177241069,1674295587_73236
278,-35219.1162649342,-35197.1162649342,-35176.0840118745,-35144.9262707691,1674310073_47658
426,-35218.9907920261,-35196.9907920261,-35175.9585389664,-35144.8007978611,1674303439_14419
79,-35218.2329751851,-35196.2329751851,-35175.2007221254,-35144.0429810201,1674317242_33847
717,-35217.4672326027,-35195.4672326027,-35174.434979543,-35143.2772384377,1674321383_1931
466,-35217.4155812957,-35195.4155812957,-35174.383328236,-35143.2255871307,1674306460_42064
242,-35216.7283690363,-35194.7283690363,-35173.6961159766,-35142.5383748713,1674307705_31859
114,-35216.39827584,-35194.39827584,-35173.3660227802,-35142.2082816749,1674317993_15822
801,-35215.7561023518,-35193.7561023518,-35172.7238492921,-35141.5661081867,1674299731_69675
922,-35214.9897416787,-35192.9897416787,-35171.957488619,-35140.7997475136,1674296706_12846
240,-35214.4434783462,-35192.4434783462,-35171.4112252865,-35140.2534841811,1674307598_48442
547,-35214.1394103292,-35192.1394103292,-35171.1071572695,-35139.9494161642,1674328212_52017
488,-35213.0825023317,-35191.0825023317,-35170.050249272,-35138.8925081667,1674308237_24988
397,-35210.9436596377,-35188.9436596377,-35167.911406578,-35136.7536654727,1674316693_86341
531,-35209.7614837284,-35187.7614837284,-35166.7292306687,-35135.5714895633,1674326978_47391
651,-35207.3119818972,-35185.3119818972,-35164.2797288375,-35133.1219877322,1674296363_30585
208,-35207.2011017226,-35185.2011017226,-35164.1688486629,-35133.0111075575,1674305285_00741
548,-35206.4554811863,-35184.4554811863,-35163.4232281266,-35132.2654870213,1674328259_59733
889,-35204.195155185,-35182.195155185,-35161.1629021253,-35130.00516102,1674294151_92365
606,-35202.9781906154,-35180.9781906154,-35159.9459375557,-35128.7881964504,1674293439_51914
773,-35202.4840191476,-35180.4840191476,-35159.4517660879,-35128.2940249826,1674325182_66582
637,-35202.2363907178,-35180.2363907178,-35159.2041376581,-35128.0463965528,1674295427_26774
414,-35201.7971418609,-35179.7971418609,-35158.7648888012,-35127.6071476959,1674302407_37391
276,-35201.1748048127,-35179.1748048127,-35158.142551753,-35126.9848106476,1674309963_31029
423,-35201.1251275883,-35179.1251275883,-35158.0928745285,-35126.9351334232,1674303158_56591
762,-35200.8961530497,-35178.8961530497,-35157.86389999,-35126.7061588847,1674324472_28964
806,-35200.4141635329,-35178.4141635329,-35157.3819104732,-35126.2241693679,1674300074_18326
857,-35199.2617642531,-35177.2617642531,-35156.2295111934,-35125.0717700881,1674303488_3838
766,-35198.7001216851,-35176.7001216851,-35155.6678686254,-35124.5101275201,1674324727_34729
270,-35196.7910391923,-35174.7910391923,-35153.7587861326,-35122.6010450273,1674309586_87605
811,-35196.7831937877,-35174.7831937877,-35153.750940728,-35122.5931996227,1674300447_08849
674,-35196.4966301345,-35174.4966301345,-35153.4643770748,-35122.3066359695,1674297947_49083
813,-35196.3671424081,-35174.3671424081,-35153.3348893484,-35122.177148243,1674300545_84208
686,-35196.1108630732,-35174.1108630732,-35153.0786100135,-35121.9208689082,1674319168_92442
92,-35195.8967492568,-35173.8967492568,-35152.8644961971,-35121.7067550918,1674318081_1422
585,-35195.0855009191,-35173.0855009191,-35152.0532478594,-35120.895506754,1674331099_22204
258,-35194.7579553605,-35172.7579553605,-35151.7257023008,-35120.5679611955,1674308774_00973
567,-35193.7062007695,-35171.7062007695,-35150.6739477098,-35119.5162066045,1674329643_44976
621,-35193.5365318099,-35171.5365318099,-35150.5042787502,-35119.3465376449,1674294409_37499
325,-35191.058343507,-35169.058343507,-35148.0260904473,-35116.868349342,1674311094_42242
479,-35190.4122706778,-35168.4122706778,-35147.3800176181,-35116.2222765127,1674307552_72932
362,-35190.1897467273,-35168.1897467273,-35147.1574936676,-35115.9997525623,1674313975_36268
412,-35190.180979829,-35168.180979829,-35147.1487267693,-35115.9909856639,1674302148_72178
127,-35189.1970727073,-35167.1970727073,-35146.1648196476,-35115.0070785423,1674318974_8487
633,-35189.1467152832,-35167.1467152832,-35146.1144622235,-35114.9567211181,1674295156_27846
952,-35187.2553108807,-35165.2553108807,-35144.223057821,-35113.0653167157,1674299232_14399
896,-35187.1951227047,-35165.1951227047,-35144.162869645,-35113.0051285396,1674294649_17347
226,-35185.6297712843,-35163.6297712843,-35142.5975182246,-35111.4397771193,1674306570_74052
747,-35184.5076664005,-35162.5076664005,-35141.4754133407,-35110.3176722354,1674323413_52417
442,-35182.4427934545,-35160.4427934545,-35139.4105403948,-35108.2527992895,1674304654_87225
147,-35181.5236184386,-35159.5236184386,-35138.4913653789,-35107.3336242735,1674320424_6399
628,-35181.4257515689,-35159.4257515689,-35138.3934985092,-35107.2357574038,1674294868_91006
94,-35180.2740021726,-35158.2740021726,-35137.2417491129,-35106.0840080076,1674318180_87321
551,-35180.1878458036,-35158.1878458036,-35137.1555927439,-35105.9978516386,1674328447_07345
67,-35179.7270378026,-35157.7270378026,-35136.6947847428,-35105.5370436375,1674316395_30913
133,-35179.3789287559,-35157.3789287559,-35136.3466756962,-35105.1889345909,1674319332_19639
5,-35179.3153548152,-35157.3153548152,-35136.2831017555,-35105.1253606502,1674311948_48407
937,-35178.4939609679,-35156.4939609679,-35135.4617079082,-35104.3039668028,1674298071_92075
409,-35178.2712420592,-35156.2712420592,-35135.2389889995,-35104.0812478941,1674301947_80647
76,-35177.7730010299,-35155.7730010299,-35134.7407479702,-35103.5830068648,1674317028_71111
316,-35177.6726407334,-35155.6726407334,-35134.6403876737,-35103.4826465684,1674310292_70422
234,-35177.3382752955,-35155.3382752955,-35134.3060222358,-35103.1482811304,1674307101_63934
420,-35177.1508025185,-35155.1508025185,-35134.1185494588,-35102.9608083534,1674302961_55774
861,-35176.8673250671,-35154.8673250671,-35133.8350720074,-35102.677330902,1674303782_58929
923,-35176.4459087052,-35154.4459087052,-35133.4136556455,-35102.2559145401,1674296759_82868
61,-35175.548795225,-35153.548795225,-35132.5165421653,-35101.35880106,1674315931_11513
943,-35175.5266438714,-35153.5266438714,-35132.4943908116,-35101.3366497063,1674298519_50963
436,-35174.8026447077,-35152.8026447077,-35131.770391648,-35100.6126505426,1674304203_36513
303,-35174.6085728181,-35152.6085728181,-35131.5763197584,-35100.4185786531,1674309303_3724
944,-35173.9638362907,-35151.9638362907,-35130.931583231,-35099.7738421257,1674298582_94858
332,-35173.7741904498,-35151.7741904498,-35130.7419373901,-35099.5841962848,1674311721_71782
733,-35172.3466245718,-35150.3466245718,-35129.3143715121,-35098.1566304067,1674322386_03138
652,-35172.0778412999,-35150.0778412999,-35129.0455882402,-35097.8878471348,1674296453_68347
657,-35171.42619101,-35149.42619101,-35128.3939379502,-35097.2361968449,1674296737_03853
821,-35170.5350101374,-35148.5350101374,-35127.5027570777,-35096.3450159724,1674301051_37457
112,-35170.530055806,-35148.530055806,-35127.4978027463,-35096.340061641,1674317807_91949
800,-35167.4017843126,-35145.4017843126,-35124.3695312529,-35093.2117901476,1674299675_47559
911,-35167.28264206,-35145.28264206,-35124.2503890003,-35093.0926478949,1674295847_76773
507,-35166.8453371065,-35144.8453371065,-35123.8130840468,-35092.6553429415,1674325179_45219
342,-35166.588703969,-35144.588703969,-35123.5564509093,-35092.398709804,1674312483_88138
293,-35166.2248752401,-35144.2248752401,-35123.1926221804,-35092.0348810751,1674311135_6783
467,-35166.0440257028,-35144.0440257028,-35123.0117726431,-35091.8540315378,1674306519_71366
447,-35164.6696142168,-35142.6696142168,-35121.6373611571,-35090.4796200518,1674305006_6414
946,-35164.1351845412,-35142.1351845412,-35121.1029314815,-35089.9451903762,1674298743_21169
40,-35163.9241795854,-35141.9241795854,-35120.8919265257,-35089.7341854203,1674314470_68028
708,-35163.6480961929,-35141.6480961929,-35120.6158431332,-35089.4581020278,1674320759_06758
31,-35163.0286924333,-35141.0286924333,-35119.9964393736,-35088.8386982683,1674313741_22716
822,-35161.6060842651,-35139.6060842651,-35118.5738312054,-35087.4160901,1674301113_57294
472,-35158.6702839233,-35136.6702839233,-35115.6380308636,-35084.4802897582,1674306956_29849
227,-35158.1861519364,-35136.1861519364,-35115.1538988767,-35083.9961577714,1674306621_09658
612,-35157.4287513142,-35135.4287513142,-35114.3964982545,-35083.2387571492,1674293796_89123
536,-35156.812739145,-35134.812739145,-35113.7804860853,-35082.6227449799,1674327384_09103
284,-35156.7751344476,-35134.7751344476,-35113.7428813879,-35082.5851402825,1674310526_28843
541,-35156.2592012642,-35134.2592012642,-35113.2269482045,-35082.0692070991,1674327769_62634
935,-35155.2682365006,-35133.2682365006,-35112.2359834408,-35081.0782423355,1674297950_27757
727,-35155.1053741968,-35133.1053741968,-35112.0731211371,-35080.9153800318,1674321994_42646
864,-35152.6947684472,-35130.6947684472,-35109.6625153875,-35078.5047742821,1674303963_44828
407,-35152.1948041411,-35130.1948041411,-35109.1625510814,-35078.004809976,1674301791_54929
345,-35151.5789985003,-35129.5789985003,-35108.5467454406,-35077.3890043353,1674312732_81432
975,-35151.4867054828,-35129.4867054828,-35108.454452423,-35077.2967113177,1674301143_3219
514,-35151.0845689493,-35129.0845689493,-35108.0523158895,-35076.8945747842,1674325728_00255
119,-35151.0423254852,-35129.0423254852,-35108.0100724255,-35076.8523313201,1674318441_9527
783,-35151.0407011976,-35129.0407011976,-35108.0084481379,-35076.8507070325,1674298554_7673
57,-35149.3286964099,-35127.3286964099,-35106.2964433502,-35075.1387022449,1674315626_94339
924,-35148.6306071453,-35126.6306071453,-35105.5983540856,-35074.4406129803,1674296822_04925
355,-35148.5653187909,-35126.5653187909,-35105.5330657312,-35074.3753246258,1674313414_11
222,-35148.2757762183,-35126.2757762183,-35105.2435231586,-35074.0857820532,1674306257_83068
32,-35148.2356069321,-35126.2356069321,-35105.2033538724,-35074.0456127671,1674313791_59145
192,-35148.2133474307,-35126.2133474307,-35105.181094371,-35074.0233532656,1674324037_2873
89,-35148.0321781734,-35126.0321781734,-35104.9999251136,-35073.8421840083,1674317865_52412
682,-35147.4474608958,-35125.4474608958,-35104.4152078361,-35073.2574667308,1674318949_15404
15,-35147.224824417,-35125.224824417,-35104.1925713573,-35073.034830252,1674312610_5488
305,-35146.6121105405,-35124.6121105405,-35103.5798574807,-35072.4221163754,1674309408_49758
135,-35146.1873402436,-35124.1873402436,-35103.1550871839,-35071.9973460786,1674319474_40013
304,-35145.5963946225,-35123.5963946225,-35102.5641415628,-35071.4064004574,1674309361_21689
254,-35145.2025197635,-35123.2025197635,-35102.1702667038,-35071.0125255985,1674308548_09346
555,-35145.1522599588,-35123.1522599588,-35102.1200068991,-35070.9622657937,1674328719_1055
807,-35144.9059251557,-35122.9059251557,-35101.873672096,-35070.7159309907,1674300129_22725
440,-35143.6874313008,-35121.6874313008,-35100.6551782411,-35069.4974371357,1674304518_76441
863,-35143.4348550238,-35121.4348550238,-35100.4026019641,-35069.2448608588,1674303915_17116
846,-35143.1927713588,-35121.1927713588,-35100.1605182991,-35069.0027771937,1674302810_94876
64,-35143.1351736282,-35121.1351736282,-35100.1029205685,-35068.9451794632,1674316114_19228
554,-35142.9100204832,-35120.9100204832,-35099.8777674235,-35068.7200263181,1674328648_95172
337,-35142.607826532,-35120.607826532,-35099.5755734722,-35068.4178323669,1674312124_2518
613,-35139.6196632479,-35117.6196632479,-35096.5874101882,-35065.4296690828,1674293855_68054
309,-35139.2591437898,-35117.2591437898,-35096.2268907301,-35065.0691496247,1674309700_80186
919,-35138.1700423746,-35116.1700423746,-35095.1377893149,-35063.9800482095,1674296515_62691
80,-35138.0455595615,-35116.0455595615,-35095.0133065018,-35063.8555653965,1674317283_01837
694,-35137.059242752,-35115.059242752,-35094.0269896923,-35062.869248587,1674319714_76887
504,-35137.0052188999,-35115.0052188999,-35093.9729658402,-35062.8152247349,1674324966_91656
667,-35136.554596987,-35114.554596987,-35093.5223439273,-35062.3646028219,1674297355_14689
648,-35136.4205481053,-35114.4205481053,-35093.3882950456,-35062.2305539403,1674296185_38571
749,-35135.769700784,-35113.769700784,-35092.7374477242,-35061.5797066189,1674323540_37471
870,-35134.9957017656,-35112.9957017656,-35091.9634487059,-35060.8057076006,1674304369_25703
544,-35134.5713546804,-35112.5713546804,-35091.5391016207,-35060.3813605154,1674327971_60599
232,-35134.1613868239,-35112.1613868239,-35091.1291337642,-35059.9713926588,1674306966_79118
465,-35134.1015245964,-35112.1015245964,-35091.0692715367,-35059.9115304314,1674306371_18443
781,-35133.7663447841,-35111.7663447841,-35090.7340917244,-35059.576350619,1674298451_09512
280,-35133.0991243437,-35111.0991243437,-35090.066871284,-35058.9091301787,1674310212_66097
391,-35132.0593624631,-35110.0593624631,-35089.0271094034,-35057.869368298,1674316248_04219
494,-35130.4585776724,-35108.4585776724,-35087.4263246127,-35056.2685835074,1674308676_38
780,-35130.0814456535,-35108.0814456535,-35087.0491925938,-35055.8914514885,1674298412_21366
201,-35129.3843290578,-35107.3843290578,-35086.3520759981,-35055.1943348927,1674304836_74397
83,-35129.0731264031,-35107.0731264031,-35086.0408733434,-35054.8831322381,1674317541_0205
752,-35128.3114033997,-35106.3114033997,-35085.27915034,-35054.1214092347,1674323702_4658
387,-35128.2355625918,-35106.2355625918,-35085.2033095321,-35054.0455684268,1674315985_27142
948,-35127.9330317499,-35105.9330317499,-35084.9007786902,-35053.7430375848,1674298845_17025
238,-35127.8520686587,-35105.8520686587,-35084.819815599,-35053.6620744937,1674307445_05846
542,-35127.6016218923,-35105.6016218923,-35084.5693688326,-35053.4116277273,1674327846_00571
272,-35127.2831284119,-35105.2831284119,-35084.2508753522,-35053.0931342468,1674309707_89216
615,-35127.0595306342,-35105.0595306342,-35084.0272775745,-35052.8695364691,1674294025_97626
307,-35126.6749363153,-35104.6749363153,-35083.6426832556,-35052.4849421503,1674309572_51149
17,-35125.8667462967,-35103.8667462967,-35082.834493237,-35051.6767521316,1674312787_15326
297,-35125.8106842257,-35103.8106842257,-35082.778431166,-35051.6206900606,1674311439_84495
641,-35125.6318984571,-35103.6318984571,-35082.5996453974,-35051.441904292,1674295718_4381
714,-35125.1799546395,-35103.1799546395,-35082.1477015798,-35050.9899604745,1674321155_49029
145,-35124.8328848662,-35102.8328848662,-35081.8006318065,-35050.6428907011,1674320285_89681
476,-35124.1414574482,-35102.1414574482,-35081.1092043885,-35049.9514632832,1674307303_29261
24,-35124.0436453384,-35102.0436453384,-35081.0113922787,-35049.8536511733,1674313279_61428
855,-35123.8140391989,-35101.8140391989,-35080.7817861392,-35049.6240450339,1674303393_01829
29,-35122.9015332819,-35100.9015332819,-35079.8692802222,-35048.7115391168,1674313571_99678
134,-35122.1095459792,-35100.1095459792,-35079.0772929195,-35047.9195518142,1674319402_57586
70,-35121.7577122865,-35099.7577122865,-35078.7254592268,-35047.5677181214,1674316653_74871
486,-35121.6385360375,-35099.6385360375,-35078.6062829778,-35047.4485418725,1674308116_73257
339,-35120.8708768595,-35098.8708768595,-35077.8386237998,-35046.6808826945,1674312251_19091
449,-35120.4877697481,-35098.4877697481,-35077.4555166884,-35046.297775583,1674305178_91483
157,-35119.8447195444,-35097.8447195444,-35076.8124664847,-35045.6547253794,1674321205_53281
291,-35119.0611833201,-35097.0611833201,-35076.0289302604,-35044.8711891551,1674310985_33298
670,-35119.0262288613,-35097.0262288613,-35075.9939758016,-35044.8362346963,1674297593_74685
684,-35118.7793703838,-35096.7793703838,-35075.7471173241,-35044.5893762188,1674319052_01847
321,-35118.5542618935,-35096.5542618935,-35075.5220088338,-35044.3642677285,1674310735_44772
852,-35118.042506958,-35096.042506958,-35075.0102538983,-35043.852512793,1674303190_32711
406,-35117.6119324165,-35095.6119324165,-35074.5796793568,-35043.4219382514,1674301722_04562
938,-35117.1971824289,-35095.1971824289,-35074.1649293692,-35043.0071882639,1674298154_96258
473,-35116.628176736,-35094.628176736,-35073.5959236763,-35042.438182571,1674307087_2249
52,-35115.4613446278,-35093.4613446278,-35072.4290915681,-35041.2713504627,1674315253_72926
180,-35114.9035594428,-35092.9035594428,-35071.8713063831,-35040.7135652778,1674323021_18297
117,-35113.295138298,-35091.295138298,-35070.2628852383,-35039.1051441329,1674318280_42724
97,-35110.8379175325,-35088.8379175325,-35067.8056644728,-35036.6479233675,1674318357_11796
411,-35110.3738281502,-35088.3738281502,-35067.3415750905,-35036.1838339852,1674302070_32246
73,-35109.0112616676,-35087.0112616676,-35065.9790086079,-35034.8212675026,1674316828_34492
241,-35108.6392988377,-35086.6392988377,-35065.607045778,-35034.4493046726,1674307641_93721
195,-35108.0547976275,-35086.0547976275,-35065.0225445678,-35033.8648034625,1674324274_81876
167,-35107.4400239904,-35085.4400239904,-35064.4077709307,-35033.2500298254,1674321981_16739
785,-35107.3123788077,-35085.3123788077,-35064.280125748,-35033.1223846427,1674298672_37798
356,-35107.1858764174,-35085.1858764174,-35064.1536233577,-35032.9958822523,1674313478_95329
10,-35106.8222431176,-35084.8222431176,-35063.7899900579,-35032.6322489525,1674312289_18526
603,-35106.3452839401,-35084.3452839401,-35063.3130308804,-35032.1552897751,1674293272_96745
452,-35106.3387188759,-35084.3387188759,-35063.3064658162,-35032.1487247109,1674305374_22891
830,-35105.9886805546,-35083.9886805546,-35062.9564274949,-35031.7986863895,1674301697_94929
289,-35105.9774035947,-35083.9774035947,-35062.9451505349,-35031.7874094296,1674310828_21657
85,-35105.1356460104,-35083.1356460104,-35062.1033929507,-35030.9456518454,1674317657_9321
789,-35104.2863518715,-35082.2863518715,-35061.2540988118,-35030.0963577065,1674298937_73158
431,-35102.4593953465,-35080.4593953465,-35059.4271422868,-35028.2694011815,1674303851_64388
379,-35102.2384634507,-35080.2384634507,-35059.2062103909,-35028.0484692856,1674315325_7875
283,-35100.9937922979,-35078.9937922979,-35057.9615392382,-35026.8037981329,1674310476_5765
35,-35100.7860170733,-35078.7860170733,-35057.7537640136,-35026.5960229083,1674314162_08453
779,-35098.739313182,-35076.739313182,-35055.7070601223,-35024.549319017,1674298326_85001
556,-35098.3619545984,-35076.3619545984,-35055.3297015387,-35024.1719604334,1674328799_95762
908,-35097.049819881,-35075.049819881,-35054.0175668213,-35022.859825716,1674295666_91538
225,-35096.2763323619,-35074.2763323619,-35053.2440793022,-35022.0863381968,1674306518_17294
25,-35096.2536322197,-35074.2536322197,-35053.22137916,-35022.0636380546,1674313323_39129
955,-35095.7712043979,-35073.7712043979,-35052.7389513382,-35021.5812102329,1674299484_83847
124,-35095.6656303678,-35073.6656303678,-35052.6333773081,-35021.4756362028,1674318779_2698
459,-35094.6656744276,-35072.6656744276,-35051.6334213679,-35020.4756802626,1674305987_68443
450,-35092.600214789,-35070.600214789,-35049.5679617293,-35018.410220624,1674305236_68446
593,-35092.399295288,-35070.399295288,-35049.3670422283,-35018.209301123,1674331740_89588
485,-35091.4565913316,-35069.4565913316,-35048.4243382719,-35017.2665971666,1674308041_30453
22,-35091.0638706284,-35069.0638706284,-35048.0316175687,-35016.8738764634,1674313128_24328
953,-35090.673986207,-35068.673986207,-35047.6417331473,-35016.483992042,1674299303_67883
774,-35090.4727882637,-35068.4727882637,-35047.440535204,-35016.2827940987,1674325256_1822
341,-35088.5791280816,-35066.5791280816,-35045.5468750219,-35014.3891339166,1674312421_88443
692,-35086.8431978612,-35064.8431978612,-35043.8109448014,-35012.6532036961,1674319605_41787
287,-35086.3954404097,-35064.3954404097,-35043.36318735,-35012.2054462446,1674310714_65338
768,-35085.9172783047,-35063.9172783047,-35042.885025245,-35011.7272841397,1674324825_75714
590,-35085.3281666625,-35063.3281666625,-35042.2959136027,-35011.1381724974,1674331512_52718
299,-35084.4651272073,-35062.4651272073,-35041.4328741476,-35010.2751330422,1674311568_93299
577,-35083.6224243401,-35061.6224243401,-35040.5901712804,-35009.4324301751,1674330453_96476
725,-35083.3491840665,-35061.3491840665,-35040.3169310068,-35009.1591899015,1674321838_89178
279,-35083.3361071701,-35061.3361071701,-35040.3038541104,-35009.146113005,1674310141_74433
371,-35082.9405602171,-35060.9405602171,-35039.9083071574,-35008.7505660521,1674314677_60838
21,-35082.905148893,-35060.905148893,-35039.8728958333,-35008.715154728,1674313069_28359
324,-35082.77217549,-35060.77217549,-35039.7399224303,-35008.582181325,1674311013_07236
462,-35082.2828184176,-35060.2828184176,-35039.2505653579,-35008.0928242525,1674306208_38612
905,-35081.2754910829,-35059.2754910829,-35038.2432380232,-35007.0854969179,1674295373_01056
853,-35080.0361008458,-35058.0361008458,-35037.0038477861,-35005.8461066807,1674303244_68889
658,-35079.3664841942,-35057.3664841942,-35036.3342311345,-35005.1764900292,1674296788_73784
215,-35079.3361237999,-35057.3361237999,-35036.3038707402,-35005.1461296349,1674305841_50865
841,-35079.3180680582,-35057.3180680582,-35036.2858149985,-35005.1280738932,1674302527_11417
86,-35078.6254767874,-35056.6254767874,-35035.5932237277,-35004.4354826223,1674317709_80828
968,-35078.3285018788,-35056.3285018788,-35035.2962488191,-35004.1385077138,1674300544_9404
109,-35078.2770820193,-35056.2770820193,-35035.2448289595,-35004.0870878542,1674317626_4016
972,-35078.0970023389,-35056.0970023389,-35035.0647492792,-35003.9070081738,1674300849_03409
591,-35077.911098949,-35055.911098949,-35034.8788458893,-35003.7211047839,1674331586_00988
511,-35077.8352056142,-35055.8352056142,-35034.8029525544,-35003.6452114491,1674325468_03573
193,-35077.307273333,-35055.307273333,-35034.2750202732,-35003.1172791679,1674324107_03221
250,-35077.1132205549,-35055.1132205549,-35034.0809674952,-35002.9232263899,1674308249_93844
438,-35076.881814889,-35054.881814889,-35033.8495618293,-35002.691820724,1674304336_62863
7,-35076.8547670761,-35054.8547670761,-35033.8225140164,-35002.6647729111,1674312065_33761
626,-35076.7371631535,-35054.7371631535,-35033.7049100938,-35002.5471689885,1674294751_10568
318,-35076.7326830622,-35054.7326830622,-35033.7004300025,-35002.5426888971,1674310465_48206
619,-35076.631480988,-35054.631480988,-35033.5992279283,-35002.441486823,1674294244_89741
376,-35076.6196740507,-35054.6196740507,-35033.587420991,-35002.4296798857,1674315067_28168
873,-35076.3850945551,-35054.3850945551,-35033.3528414954,-35002.19510039,1674304587_72249
895,-35075.8841228069,-35053.8841228069,-35032.8518697471,-35001.6941286418,1674294590_08994
629,-35075.3623335262,-35053.3623335262,-35032.3300804665,-35001.1723393611,1674294919_73871
427,-35075.2038771535,-35053.2038771535,-35032.1716240938,-35001.0138829884,1674303498_04621
484,-35074.5613604039,-35052.5613604039,-35031.5291073441,-35000.3713662388,1674307985_77339
247,-35074.1557457898,-35052.1557457898,-35031.1234927301,-34999.9657516247,1674308090_23083
791,-35073.2509238979,-35051.2509238979,-35030.2186708382,-34999.0609297329,1674299057_27079
929,-35073.078854004,-35051.078854004,-35030.0466009443,-34998.888859839,1674297257_28995
597,-35073.0146485595,-35051.0146485595,-35029.9823954998,-34998.8246543945,1674332094_11117
956,-35072.5928232166,-35050.5928232166,-35029.5605701569,-34998.4028290516,1674299532_73179
255,-35072.4943417092,-35050.4943417092,-35029.4620886495,-34998.3043475442,1674308603_9428
395,-35070.7566211936,-35048.7566211936,-35027.7243681339,-34996.5666270285,1674316545_36363
523,-35067.1725736384,-35045.1725736384,-35024.1403205787,-34992.9825794734,1674326356_14094
120,-35065.8020573069,-35043.8020573069,-35022.7698042472,-34991.6120631419,1674318490_31447
259,-35065.3736083225,-35043.3736083225,-35022.3413552628,-34991.1836141575,1674308833_16484
753,-35064.8411581073,-35042.8411581073,-35021.8089050476,-34990.6511639422,1674323752_1778
330,-35064.0578898738,-35042.0578898738,-35021.0256368141,-34989.8678957087,1674311557_49335
679,-35064.0451018318,-35042.0451018318,-35021.0128487721,-34989.8551076667,1674318787_07624
722,-35063.9525659165,-35041.9525659165,-35020.9203128568,-34989.7625717515,1674321677_69181
859,-35063.552568459,-35041.552568459,-35020.5203153993,-34989.362574294,1674303633_62107
493,-35063.4857953111,-35041.4857953111,-35020.4535422514,-34989.2958011461,1674308563_24702
335,-35063.4294461643,-35041.4294461643,-35020.3971931046,-34989.2394519993,1674311898_64876
706,-35062.7970373128,-35040.7970373128,-35019.7647842531,-34988.6070431477,1674320618_06361
790,-35062.7686521002,-35040.7686521002,-35019.7363990405,-34988.5786579352,1674298995_47587
927,-35062.0745378936,-35040.0745378936,-35019.0422848339,-34987.8845437285,1674297081_41855
509,-35061.6920421949,-35039.6920421949,-35018.6597891352,-34987.5020480299,1674325335_31178
898,-35061.2866874404,-35039.2866874404,-35018.2544343807,-34987.0966932753,1674294811_37245
443,-35060.9547001948,-35038.9547001948,-35017.9224471351,-34986.7647060298,1674304703_75093
196,-35060.4839270796,-35038.4839270796,-35017.4516740199,-34986.2939329145,1674324340_95778
166,-35060.2290732103,-35038.2290732103,-35017.1968201506,-34986.0390790453,1674321906_64691
155,-35060.0706972736,-35038.0706972736,-35017.0384442139,-34985.8807031086,1674321081_95708
498,-35058.3745050498,-35036.3745050498,-35015.3422519901,-34984.1845108848,1674308963_50748
191,-35057.8715744004,-35035.8715744004,-35014.8393213406,-34983.6815802353,1674323976_33699
487,-35057.6957107783,-35035.6957107783,-35014.6634577186,-34983.5057166132,1674308163_19411
835,-35057.0282277555,-35035.0282277555,-35013.9959746958,-34982.8382335904,1674302093_30888
202,-35056.813232062,-35034.813232062,-35013.7809790023,-34982.6232378969,1674304909_28822
138,-35056.587327259,-35034.587327259,-35013.5550741993,-34982.397333094,1674319712_03062
275,-35056.5792972336,-35034.5792972336,-35013.5470441739,-34982.3893030686,1674309890_44229
631,-35056.3195575142,-35034.3195575142,-35013.2873044545,-34982.1295633491,1674295051_12748
524,-35055.0822427958,-35033.0822427958,-35012.0499897361,-34980.8922486308,1674326424_39078
869,-35054.7185137169,-35032.7185137169,-35011.6862606572,-34980.5285195519,1674304282_75683
357,-35054.6650748479,-35032.6650748479,-35011.6328217882,-34980.4750806829,1674313576_66831
213,-35054.5395254647,-35032.5395254647,-35011.507272405,-34980.3495312996,1674305658_40009
132,-35053.7355889149,-35031.7355889149,-35010.7033358552,-34979.5455947499,1674319255_19176
184,-35053.708942066,-35031.708942066,-35010.6766890063,-34979.518947901,1674323314_39151
99,-35053.6613865583,-35031.6613865583,-35010.6291334986,-34979.4713923932,1674318458_82705
370,-35053.6559531842,-35031.6559531842,-35010.6237001245,-34979.4659590191,1674314599_54091
702,-35053.645394302,-35031.645394302,-35010.6131412422,-34979.4554001369,1674320382_53644
695,-35053.249316857,-35031.249316857,-35010.2170637973,-34979.059322692,1674319818_35263
767,-35053.2380664662,-35031.2380664662,-35010.2058134065,-34979.0480723012,1674324771_82472
26,-35052.6752846452,-35030.6752846452,-35009.6430315855,-34978.4852904802,1674313380_0655
68,-35051.066864085,-35029.066864085,-35008.0346110253,-34976.87686992,1674316457_77007
819,-35050.787239536,-35028.787239536,-35007.7549864762,-34976.5972453709,1674300941_43792
139,-35049.4203856321,-35027.4203856321,-35006.3881325724,-34975.230391467,1674319780_2155
59,-35049.3952013637,-35027.3952013637,-35006.362948304,-34975.2052071987,1674315742_44812
867,-35048.405168129,-35026.405168129,-35005.3729150693,-34974.215173964,1674304167_19428
174,-35048.1978566453,-35026.1978566453,-35005.1656035856,-34974.0078624803,1674322525_08047
721,-35048.1168884283,-35026.1168884283,-35005.0846353686,-34973.9268942633,1674321612_23415
429,-35047.3771507831,-35025.3771507831,-35004.3448977234,-34973.1871566181,1674303682_45505
441,-35046.5326976442,-35024.5326976442,-35003.5004445844,-34972.3427034791,1674304576_57271
820,-35046.2821495246,-35024.2821495246,-35003.2498964649,-34972.0921553596,1674300999_80101
673,-35045.5853876493,-35023.5853876493,-35002.5531345896,-34971.3953934842,1674297859_7045
148,-35044.8686060445,-35022.8686060445,-35001.8363529848,-34970.6786118795,1674320499_22919
850,-35044.6808314104,-35022.6808314104,-35001.6485783507,-34970.4908372454,1674303067_96066
561,-35044.5732360138,-35022.5732360138,-35001.5409829541,-34970.3832418488,1674329171_66631
683,-35044.4445734192,-35022.4445734192,-35001.4123203595,-34970.2545792542,1674319009_0616
964,-35044.1923162962,-35022.1923162962,-35001.1600632365,-34970.0023221311,1674300256_39552
732,-35044.0773801178,-35022.0773801178,-35001.045127058,-34969.8873859527,1674322327_784
705,-35043.9197955274,-35021.9197955274,-35000.8875424677,-34969.7298013623,1674320559_75868
672,-35042.6714323144,-35020.6714323144,-34999.6391792547,-34968.4814381494,1674297778_29954
653,-35042.1456265205,-35020.1456265205,-34999.1133734608,-34967.9556323554,1674296505_13368
404,-35041.0807963316,-35019.0807963316,-34998.0485432719,-34966.8908021666,1674301519_07881
743,-35040.881880912,-35018.881880912,-34997.8496278523,-34966.6918867469,1674323060_41733
646,-35040.7189206093,-35018.7189206093,-34997.6866675496,-34966.5289264443,1674296048_27237
522,-35040.6618411297,-35018.6618411297,-34997.62958807,-34966.4718469646,1674326281_71448
16,-35040.3344431444,-35018.3344431444,-34997.3021900847,-34966.1444489793,1674312696_37946
369,-35039.3806708316,-35017.3806708316,-34996.3484177719,-34965.1906766666,1674314534_59014
224,-35039.09602457,-35017.09602457,-34996.0637715103,-34964.906030405,1674306439_91427
340,-35039.0285983778,-35017.0285983778,-34995.9963453181,-34964.8386042127,1674312324_30841
529,-35038.6609090174,-35016.6609090174,-34995.6286559577,-34964.4709148523,1674326796_06617
11,-35038.6196016217,-35016.6196016217,-34995.587348562,-34964.4296074566,1674312357_94002
796,-35038.5510729169,-35016.5510729169,-34995.5188198572,-34964.3610787519,1674299421_58332
206,-35038.0149101029,-35016.0149101029,-34994.9826570431,-34963.8249159378,1674305147_56385
533,-35037.8181354051,-35015.8181354051,-34994.7858823454,-34963.62814124,1674327153_34737
81,-35037.7702594596,-35015.7702594596,-34994.7380063999,-34963.5802652946,1674317347_48576
764,-35037.1992159262,-35015.1992159262,-34994.1669628665,-34963.0092217611,1674324574_46864
377,-35036.4950742998,-35014.4950742998,-34993.4628212401,-34962.3050801348,1674315131_2594
107,-35035.9328656398,-35013.9328656398,-34992.90061258,-34961.7428714747,1674317511_40957
664,-35035.474795101,-35013.474795101,-34992.4425420413,-34961.2848009359,1674297150_67983
285,-35035.1624414748,-35013.1624414748,-34992.1301884151,-34960.9724473097,1674310582_57093
611,-35034.6466522678,-35012.6466522678,-34991.6143992081,-34960.4566581028,1674293730_69456
605,-35034.204188032,-35012.204188032,-34991.1719349723,-34960.014193867,1674293403_08971
962,-35032.969934139,-35010.969934139,-34989.9376810793,-34958.779939974,1674300116_2275
96,-35032.536178398,-35010.536178398,-34989.5039253383,-34958.3461842329,1674318300_90061
622,-35031.9147117121,-35009.9147117121,-34988.8824586524,-34957.724717547,1674294459_42395
125,-35031.8301960442,-35009.8301960442,-34988.7979429845,-34957.6402018791,1674318843_66476
262,-35031.7892581277,-35009.7892581277,-34988.757005068,-34957.5992639626,1674309062_23415
877,-35031.2536234483,-35009.2536234483,-34988.2213703886,-34957.0636292833,1674293200_46612
784,-35030.5202536154,-35008.5202536154,-34987.4880005557,-34956.3302594504,1674298612_17327
229,-35030.2712054007,-35008.2712054007,-34987.238952341,-34956.0812112357,1674306751_32268
814,-35029.8102651755,-35007.8102651755,-34986.7780121158,-34955.6202710104,1674300599_88201
961,-35029.7792945337,-35007.7792945337,-34986.747041474,-34955.5893003687,1674300011_86986
475,-35029.6368929448,-35007.6368929448,-34986.6046398851,-34955.4468987798,1674307231_87194
769,-35029.6049908865,-35007.6049908865,-34986.5727378268,-34955.4149967215,1674324876_15753
503,-35029.5318207164,-35007.5318207164,-34986.4995676567,-34955.3418265514,1674324870_21708
549,-35029.5003136367,-35007.5003136367,-34986.468060577,-34955.3103194717,1674328310_74971
868,-35029.3660862407,-35007.3660862407,-34986.333833181,-34955.1760920756,1674304231_90738
829,-35029.162469204,-35007.162469204,-34986.1302161443,-34954.972475039,1674301641_67339
424,-35028.9334081132,-35006.9334081132,-34985.9011550535,-34954.7434139482,1674303242_79202
687,-35028.4497982156,-35006.4497982156,-34985.4175451559,-34954.2598040506,1674319235_90425
55,-35028.2710047809,-35006.2710047809,-34985.2387517212,-34954.0810106159,1674315517_29103
453,-35027.9312148039,-35005.9312148039,-34984.8989617441,-34953.7412206388,1674305472_22599
926,-35027.3824556542,-35005.3824556542,-34984.3502025945,-34953.1924614891,1674296974_15651
405,-35026.9071490685,-35004.9071490685,-34983.8748960088,-34952.7171549034,1674301598_19625
945,-35026.4381210276,-35004.4381210276,-34983.4058679679,-34952.2481268625,1674298681_65315
595,-35026.0013072877,-35004.0013072877,-34982.969054228,-34951.8113131227,1674331941_0423
736,-35025.9959108497,-35003.9959108497,-34982.96365779,-34951.8059166846,1674322561_93472
243,-35025.5350666791,-35003.5350666791,-34982.5028136194,-34951.3450725141,1674307804_94047
545,-35025.1798968453,-35003.1798968453,-34982.1476437856,-34950.9899026802,1674328077_61347
842,-35025.1752027958,-35003.1752027958,-34982.1429497361,-34950.9852086307,1674302591_05664
359,-35024.7498467281,-35002.7498467281,-34981.7175936684,-34950.5598525631,1674313686_67481
207,-35024.6767133447,-35002.6767133447,-34981.644460285,-34950.4867191797,1674305220_10313
38,-35024.2443159797,-35002.2443159797,-34981.21206292,-34950.0543218147,1674314352_5756
676,-35022.6914862049,-35000.6914862049,-34979.6592331452,-34948.5014920399,1674318516_4989
91,-35022.5470002805,-35000.5470002805,-34979.5147472207,-34948.3570061154,1674317992_73646
141,-35022.133603867,-35000.133603867,-34979.1013508073,-34947.943609702,1674319932_80123
122,-35022.0266432445,-35000.0266432445,-34978.9943901848,-34947.8366490795,1674318620_72776
828,-35021.2539673229,-34999.2539673229,-34978.2217142632,-34947.0639731579,1674301569_01258
126,-35021.2470514238,-34999.2470514238,-34978.2147983641,-34947.0570572587,1674318911_59706
265,-35021.0910332429,-34999.0910332429,-34978.0587801832,-34946.9010390779,1674309228_63088
499,-35021.0305992149,-34999.0305992149,-34977.9983461551,-34946.8406050498,1674309022_44479
346,-35020.9048524632,-34998.9048524632,-34977.8725994035,-34946.7148582981,1674312814_76945
758,-35020.7977098121,-34998.7977098121,-34977.7654567524,-34946.6077156471,1674324161_91779
257,-35020.3311604681,-34998.3311604681,-34977.2989074084,-34946.141166303,1674308732_20986
98,-35020.1851788065,-34998.1851788065,-34977.1529257468,-34945.9951846415,1674318409_5663
23,-35020.0490162051,-34998.0490162051,-34977.0167631454,-34945.8590220401,1674313203_68418
872,-35020.0043057686,-34998.0043057686,-34976.9720527089,-34945.8143116036,1674304514_90062
392,-35019.8750047249,-34997.8750047249,-34976.8427516652,-34945.6850105598,1674316314_94588
433,-35019.6716220544,-34997.6716220544,-34976.6393689947,-34945.4816278894,1674304016_95278
175,-35019.5731227614,-34997.5731227614,-34976.5408697017,-34945.3831285964,1674322606_74431
928,-35019.0297464255,-34997.0297464255,-34975.9974933658,-34944.8397522604,1674297162_97299
875,-35018.4963044556,-34996.4963044556,-34975.4640513959,-34944.3063102906,1674304731_57263
883,-35018.3736748282,-34996.3736748282,-34975.3414217685,-34944.1836806631,1674293668_97905
912,-35018.0307852828,-34996.0307852828,-34974.9985322231,-34943.8407911178,1674295893_5246
519,-35017.9558500108,-34995.9558500108,-34974.9235969511,-34943.7658558458,1674326048_62111
513,-35017.6883241979,-34995.6883241979,-34974.6560711382,-34943.4983300328,1674325611_9539
698,-35017.302485017,-34995.302485017,-34974.2702319573,-34943.1124908519,1674320013_49643
517,-35016.6997565758,-34994.6997565758,-34973.667503516,-34942.5097624107,1674325921_07934
314,-35016.4074545155,-34994.4074545155,-34973.3752014558,-34942.2174603505,1674310100_93817
890,-35016.3738252641,-34994.3738252641,-34973.3415722044,-34942.1838310991,1674294200_23983
230,-35016.2650586833,-34994.2650586833,-34973.2328056236,-34942.0750645183,1674306838_31259
572,-35015.978934377,-34993.978934377,-34972.9466813173,-34941.7889402119,1674330043_88545
604,-35015.8968005333,-34993.8968005333,-34972.8645474736,-34941.7068063682,1674293332_38752
233,-35015.8487372947,-34993.8487372947,-34972.816484235,-34941.6587431296,1674307033_11213
971,-35015.5031434767,-34993.5031434767,-34972.470890417,-34941.3131493117,1674300768_85019
954,-35015.4193701644,-34993.4193701644,-34972.3871171047,-34941.2293759994,1674299381_99505
535,-35015.1898964384,-34993.1898964384,-34972.1576433787,-34940.9999022734,1674327327_62916
1,-35015.1017908548,-34993.1017908548,-34972.0695377951,-34940.9117966898,1674311697_14225
56,-35014.7784234274,-34992.7784234274,-34971.7461703677,-34940.5884292624,1674315567_53959
336,-35014.3553267096,-34992.3553267096,-34971.3230736499,-34940.1653325446,1674311980_95761
260,-35014.068570223,-34992.068570223,-34971.0363171633,-34939.8785760579,1674308885_03732
54,-35013.8753641853,-34991.8753641853,-34970.8431111255,-34939.6853700202,1674315433_82012
264,-35013.7104990184,-34991.7104990184,-34970.6782459586,-34939.5205048533,1674309181_35717
750,-35013.6392841403,-34991.6392841403,-34970.6070310806,-34939.4492899753,1674323585_05044
212,-35013.4258910646,-34991.4258910646,-34970.3936380049,-34939.2358968995,1674305591_16862
518,-35012.1602088337,-34990.1602088337,-34969.127955774,-34937.9702146686,1674325984_88122
170,-35011.9241632689,-34989.9241632689,-34968.8919102092,-34937.7341691039,1674322269_20307
338,-35011.7312667548,-34989.7312667548,-34968.699013695,-34937.5412725897,1674312172_36561
419,-35011.6662056366,-34989.6662056366,-34968.6339525768,-34937.4762114715,1674302905_17399
942,-35011.2689205393,-34989.2689205393,-34968.2366674796,-34937.0789263742,1674298416_17388
286,-35010.7281950019,-34988.7281950019,-34967.6959419422,-34936.5382008369,1674310638_47347
358,-35010.434363438,-34988.434363438,-34967.4021103783,-34936.2443692729,1674313635_87402
18,-35010.2355167457,-34988.2355167457,-34967.203263686,-34936.0455225806,1674312837_11214
930,-35010.2122337992,-34988.2122337992,-34967.1799807394,-34936.0222396341,1674297319_94165
967,-35010.2106875396,-34988.2106875396,-34967.1784344799,-34936.0206933746,1674300483_31159
72,-35009.7495896366,-34987.7495896366,-34966.7173365769,-34935.5595954716,1674316758_14328
596,-35009.3271737987,-34987.3271737987,-34966.294920739,-34935.1371796337,1674332017_00514
281,-35009.2732051621,-34987.2732051621,-34966.2409521024,-34935.0832109971,1674310280_34026
463,-35009.2065590045,-34987.2065590045,-34966.1743059448,-34935.0165648395,1674306253_2296
897,-35008.8508934011,-34986.8508934011,-34965.8186403414,-34934.6608992361,1674294744_40183
643,-35008.6684367194,-34986.6684367194,-34965.6361836597,-34934.4784425544,1674295900_5945
699,-35008.4383193605,-34986.4383193605,-34965.4060663008,-34934.2483251954,1674320117_318
20,-35007.7849558976,-34985.7849558976,-34964.7527028379,-34933.5949617325,1674313016_43475
146,-35007.7625694675,-34985.7625694675,-34964.7303164078,-34933.5725753025,1674320363_22076
326,-35007.5790057157,-34985.5790057157,-34964.546752656,-34933.3890115507,1674311173_96904
669,-35007.3282723353,-34985.3282723353,-34964.2960192756,-34933.1382781702,1674297526_43796
390,-35006.9180409025,-34984.9180409025,-34963.8857878428,-34932.7280467375,1674316179_50975
887,-35006.437461117,-34984.437461117,-34963.4052080573,-34932.247466952,1674294024_45246
310,-35006.2335446375,-34984.2335446375,-34963.2012915778,-34932.0435504725,1674309773_3412
182,-35006.2331621011,-34984.2331621011,-34963.2009090414,-34932.0431679361,1674323169_25771
334,-35006.0442679259,-34984.0442679259,-34963.0120148662,-34931.8542737609,1674311831_57133
936,-35005.9167049311,-34983.9167049311,-34962.8844518714,-34931.726710766,1674298004_39459
87,-35005.5456296674,-34983.5456296674,-34962.5133766077,-34931.3556355024,1674317766_7632
14,-35005.3952564167,-34983.3952564167,-34962.363003357,-34931.2052622517,1674312554_00141
847,-35005.1569464754,-34983.1569464754,-34962.1246934157,-34930.9669523103,1674302862_38148
8,-35005.1240823725,-34983.1240823725,-34962.0918293127,-34930.9340882074,1674312141_83212
565,-35004.8045013247,-34982.8045013247,-34961.772248265,-34930.6145071597,1674329428_57319
408,-35004.6431229553,-34982.6431229553,-34961.6108698956,-34930.4531287903,1674301859_42314
645,-35004.5675104593,-34982.5675104593,-34961.5352573996,-34930.3775162942,1674296000_00387
526,-35004.4561919958,-34982.4561919958,-34961.4239389361,-34930.2661978308,1674326563_27842
75,-35004.3841283329,-34982.3841283329,-34961.3518752732,-34930.1941341679,1674316976_17991
58,-35003.4528394125,-34981.4528394125,-34960.4205863528,-34929.2628452474,1674315692_11874
795,-35002.5984794339,-34980.5984794339,-34959.5662263742,-34928.4084852689,1674299369_19181
661,-35002.550700136,-34980.550700136,-34959.5184470763,-34928.360705971,1674296974_10569
671,-35002.3397949746,-34980.3397949746,-34959.3075419149,-34928.1498008096,1674297660_18779
333,-35002.2149247902,-34980.2149247902,-34959.1826717305,-34928.0249306252,1674311767_99837
468,-35002.1912619818,-34980.1912619818,-34959.1590089221,-34928.0012678168,1674306577_9274
422,-35001.9330537142,-34979.9330537142,-34958.9008006545,-34927.7430595491,1674303098_35653
439,-35001.7594416456,-34979.7594416456,-34958.7271885859,-34927.5694474806,1674304399_57326
662,-35001.6622712991,-34979.6622712991,-34958.6300182393,-34927.472277134,1674297055_1182
726,-35001.6378106648,-34979.6378106648,-34958.605557605,-34927.4478164997,1674321908_661
902,-35000.4814328013,-34978.4814328013,-34957.4491797416,-34926.2914386363,1674295161_02802
599,-35000.2964987274,-34978.2964987274,-34957.2642456677,-34926.1065045624,1674332254_68849
501,-34999.8450839146,-34977.8450839146,-34956.8128308549,-34925.6550897496,1674324673_99282
610,-34999.5146835484,-34977.5146835484,-34956.4824304887,-34925.3246893834,1674293660_56586
884,-34999.5070345383,-34977.5070345383,-34956.4747814786,-34925.3170403733,1674293755_22168
36,-34999.2619730887,-34977.2619730887,-34956.2297200289,-34925.0719789236,1674314218_34464
298,-34999.2282856515,-34977.2282856515,-34956.1960325918,-34925.0382914864,1674311515_79853
675,-34999.2191492586,-34977.2191492586,-34956.1868961989,-34925.0291550936,1674297981_03601
410,-34999.1221739198,-34977.1221739198,-34956.0899208601,-34924.9321797548,1674302011_37926
45,-34998.5597462744,-34976.5597462744,-34955.5274932147,-34924.3697521094,1674314784_31491
110,-34998.0966162905,-34976.0966162905,-34955.0643632308,-34923.9066221254,1674317706_96324
200,-34997.9388875091,-34975.9388875091,-34954.9066344493,-34923.748893344,1674304787_83715
543,-34997.741914002,-34975.741914002,-34954.7096609423,-34923.5519198369,1674327915_36431
186,-34997.6958785869,-34975.6958785869,-34954.6636255272,-34923.5058844219,1674323566_00587
934,-34997.679625253,-34975.679625253,-34954.6473721932,-34923.4896310879,1674297848_96048
198,-34997.6365958572,-34975.6365958572,-34954.6043427975,-34923.4466016922,1674324464_18621
380,-34997.1369889667,-34975.1369889667,-34954.104735907,-34922.9469948017,1674315384_0776
617,-34996.9177347506,-34974.9177347506,-34953.8854816909,-34922.7277405856,1674294144_72514
353,-34996.728918334,-34974.728918334,-34953.6966652743,-34922.538924169,1674313295_83975
879,-34996.6755120764,-34974.6755120764,-34953.6432590167,-34922.4855179114,1674293385_60199
824,-34996.5926014084,-34974.5926014084,-34953.5603483487,-34922.4026072433,1674301250_79201
834,-34996.5685806732,-34974.5685806732,-34953.5363276135,-34922.3785865082,1674302007_33797
446,-34996.5666699794,-34974.5666699794,-34953.5344169197,-34922.3766758144,1674304942_92669
231,-34996.2460925917,-34974.2460925917,-34953.213839532,-34922.0560984267,1674306901_45763
90,-34995.4809756846,-34973.4809756846,-34952.4487226249,-34921.2909815196,1674317924_79257
50,-34995.4437173933,-34973.4437173933,-34952.4114643336,-34921.2537232282,1674315110_51628
689,-34995.4191213676,-34973.4191213676,-34952.3868683079,-34921.2291272025,1674319359_84775
313,-34995.1633086726,-34973.1633086726,-34952.1310556129,-34920.9733145076,1674310015_46379
720,-34995.0208624434,-34973.0208624434,-34951.9886093837,-34920.8308682784,1674321559_44178
63,-34994.668354933,-34972.668354933,-34951.6361018733,-34920.4783607679,1674316044_71244
319,-34994.4463964552,-34972.4463964552,-34951.4141433955,-34920.2564022902,1674310539_91546
464,-34994.4385362063,-34972.4385362063,-34951.4062831466,-34920.2485420413,1674306324_19662
566,-34993.9046061616,-34971.9046061616,-34950.8723531019,-34919.7146119965,1674329506_94386
973,-34993.7459080364,-34971.7459080364,-34950.7136549767,-34919.5559138714,1674300947_59113
515,-34993.1166043086,-34971.1166043086,-34950.0843512489,-34918.9266101435,1674325798_30128
521,-34992.7313387385,-34970.7313387385,-34949.6990856788,-34918.5413445734,1674326202_92105
892,-34992.726679536,-34970.726679536,-34949.6944264763,-34918.536685371,1674294386_50062
941,-34992.6894425151,-34970.6894425151,-34949.6571894554,-34918.49944835,1674298339_88576
78,-34992.4931448943,-34970.4931448943,-34949.4608918346,-34918.3031507292,1674317167_59016
290,-34992.4597074189,-34970.4597074189,-34949.4274543592,-34918.2697132539,1674310913_13699
776,-34992.4371303935,-34970.4371303935,-34949.4048773338,-34918.2471362284,1674298086_57109
317,-34992.2664596083,-34970.2664596083,-34949.2342065486,-34918.0764654433,1674310367_65883
382,-34992.2564807317,-34970.2564807317,-34949.224227672,-34918.0664865667,1674315632_16601
350,-34992.209236097,-34970.209236097,-34949.1769830373,-34918.019241932,1674313111_83888
496,-34991.9633629162,-34969.9633629162,-34948.9311098565,-34917.7733687511,1674308846_19687
580,-34991.9582770628,-34969.9582770628,-34948.9260240031,-34917.7682828977,1674330692_40098
837,-34991.9063074922,-34969.9063074922,-34948.8740544325,-34917.7163133271,1674302233_85325
630,-34991.5452859736,-34969.5452859736,-34948.5130329139,-34917.3552918086,1674294976_1588
696,-34991.5233754884,-34969.5233754884,-34948.4911224287,-34917.3333813234,1674319875_19156
235,-34991.4548043238,-34969.4548043238,-34948.4225512641,-34917.2648101588,1674307222_27695
65,-34991.2639373025,-34969.2639373025,-34948.2316842428,-34917.0739431374,1674316239_54731
562,-34990.6575690784,-34968.6575690784,-34947.6253160187,-34916.4675749134,1674329238_07254
809,-34990.5910310266,-34968.5910310266,-34947.5587779669,-34916.4010368615,1674300285_08736
130,-34990.528265417,-34968.528265417,-34947.4960123573,-34916.338271252,1674319146_28113
140,-34990.2817444341,-34968.2817444341,-34947.2494913744,-34916.091750269,1674319843_67516
571,-34989.7077046075,-34967.7077046075,-34946.6754515478,-34915.5177104425,1674329968_10033
111,-34989.5922232816,-34967.5922232816,-34946.5599702219,-34915.4022291165,1674317759_05189
558,-34989.4465462722,-34967.4465462722,-34946.4142932125,-34915.2565521072,1674328931_07555
553,-34988.9416565217,-34966.9416565217,-34945.909403462,-34914.7516623566,1674328577_69386
421,-34988.7611136434,-34966.7611136434,-34945.7288605836,-34914.5711194783,1674303036_22776
385,-34988.6190838775,-34966.6190838775,-34945.5868308178,-34914.4290897125,1674315836_27416
751,-34988.5015377398,-34966.5015377398,-34945.4692846801,-34914.3115435747,1674323650_21521
478,-34988.1296666412,-34966.1296666412,-34945.0974135815,-34913.9396724762,1674307489_86198
363,-34988.0938970152,-34966.0938970152,-34945.0616439555,-34913.9039028502,1674314040_35578
116,-34987.9600624665,-34965.9600624665,-34944.9278094067,-34913.7700683014,1674318208_00548
618,-34987.7531925853,-34965.7531925853,-34944.7209395256,-34913.5631984203,1674294196_46269
539,-34987.7135866119,-34965.7135866119,-34944.6813335522,-34913.5235924468,1674327613_66611
348,-34987.473669668,-34965.473669668,-34944.4414166083,-34913.2836755029,1674312939_16622
693,-34987.1540274615,-34965.1540274615,-34944.1217744018,-34912.9640332965,1674319662_21238
815,-34987.0928789668,-34965.0928789668,-34944.0606259071,-34912.9028848018,1674300655_37951
623,-34986.2358671571,-34964.2358671571,-34943.2036140974,-34912.0458729921,1674294524_45098
268,-34986.0059080572,-34964.0059080572,-34942.9736549975,-34911.8159138922,1674309480_41745
308,-34985.8913662752,-34963.8913662752,-34942.8591132155,-34911.7013721102,1674309637_49274
563,-34985.7664531822,-34963.7664531822,-34942.7342001225,-34911.5764590171,1674329313_6867
677,-34985.7336892913,-34963.7336892913,-34942.7014362315,-34911.5436951262,1674318585_24197
601,-34985.1487664368,-34963.1487664368,-34942.1165133771,-34910.9587722717,1674293182_15356
510,-34984.8982985623,-34962.8982985623,-34941.8660455026,-34910.7083043972,1674325402_14628
552,-34984.8192822493,-34962.8192822493,-34941.7870291896,-34910.6292880842,1674328515_17668
958,-34984.1705638542,-34962.1705638542,-34941.1383107944,-34909.9805696891,1674299714_90346
627,-34984.0849699289,-34962.0849699289,-34941.0527168692,-34909.8949757639,1674294804_07731
237,-34984.0619411637,-34962.0619411637,-34941.0296881039,-34909.8719469986,1674307381_22392
713,-34984.0332314423,-34962.0332314423,-34941.0009783826,-34909.8432372772,1674321104_64639
731,-34983.8004893919,-34961.8004893919,-34940.7682363322,-34909.6104952269,1674322274_66607
300,-34983.7687919968,-34961.7687919968,-34940.7365389371,-34909.5787978318,1674309087_50323
328,-34983.5184537623,-34961.5184537623,-34940.4862007026,-34909.3284595972,1674311431_5173
368,-34983.498114033,-34961.498114033,-34940.4658609733,-34909.308119868,1674314459_12129
640,-34983.4954126549,-34961.4954126549,-34940.4631595952,-34909.3054184899,1674295652_93915
746,-34983.467949728,-34961.467949728,-34940.4356966683,-34909.277955563,1674323296_35603
489,-34983.1237494463,-34961.1237494463,-34940.0914963866,-34908.9337552813,1674308283_24641
632,-34983.012187814,-34961.012187814,-34939.9799347543,-34908.822193649,1674295103_85348
508,-34982.9504816428,-34960.9504816428,-34939.9182285831,-34908.7604874778,1674325263_14068
680,-34982.8617127871,-34960.8617127871,-34939.8294597274,-34908.671718622,1674318842_2452
352,-34982.6982165694,-34960.6982165694,-34939.6659635097,-34908.5082224043,1674313247_03947
396,-34982.4837913234,-34960.4837913234,-34939.4515382637,-34908.2937971584,1674316632_81593
374,-34982.3657324416,-34960.3657324416,-34939.3334793819,-34908.1757382765,1674314933_02693
598,-34982.3556301231,-34960.3556301231,-34939.3233770634,-34908.165635958,1674332175_05382
194,-34982.237619763,-34960.237619763,-34939.2053667033,-34908.0476255979,1674324190_69031
710,-34982.1727924185,-34960.1727924185,-34939.1405393588,-34907.9827982535,1674320945_28261
712,-34982.1531858737,-34960.1531858737,-34939.120932814,-34907.9631917087,1674321052_68372
74,-34982.1319631625,-34960.1319631625,-34939.0997101028,-34907.9419689974,1674316924_39517
940,-34981.9814198942,-34959.9814198942,-34938.9491668345,-34907.7914257292,1674298277_84759
586,-34981.9637979783,-34959.9637979783,-34938.9315449186,-34907.7738038133,1674331207_05648
636,-34981.7790158315,-34959.7790158315,-34938.7467627718,-34907.5890216665,1674295369_03129
925,-34981.1816863854,-34959.1816863854,-34938.1494333257,-34906.9916922204,1674296887_17546
102,-34980.9027631943,-34958.9027631943,-34937.8705101346,-34906.7127690293,1674317088_45699
737,-34980.8313636121,-34958.8313636121,-34937.7991105524,-34906.6413694471,1674322643_70278
797,-34980.4305029681,-34958.4305029681,-34937.3982499084,-34906.2405088031,1674299500_72293
497,-34980.3496186268,-34958.3496186268,-34937.3173655671,-34906.1596244617,1674308907_59778
530,-34980.0405851406,-34958.0405851406,-34937.0083320809,-34905.8505909756,1674326854_23723
219,-34980.0266272019,-34958.0266272019,-34936.9943741422,-34905.8366330368,1674306121_31831
564,-34979.8695342164,-34957.8695342164,-34936.8372811567,-34905.6795400514,1674329368_84006
570,-34979.7210202605,-34957.7210202605,-34936.6887672008,-34905.5310260955,1674329911_53098
528,-34979.5773213342,-34957.5773213342,-34936.5450682744,-34905.3873271691,1674326738_30488
425,-34979.5728662326,-34957.5728662326,-34936.5406131729,-34905.3828720676,1674303316_62257
158,-34979.4264596817,-34957.4264596817,-34936.3942066219,-34905.2364655166,1674321280_15985
557,-34979.2526905344,-34957.2526905344,-34936.2204374747,-34905.0626963693,1674328847_85454
574,-34979.1164691361,-34957.1164691361,-34936.0842160764,-34904.926474971,1674330173_29544
600,-34979.1071840602,-34957.1071840602,-34936.0749310005,-34904.9171898951,1674293140_51824
295,-34979.0761209125,-34957.0761209125,-34936.0438678528,-34904.8861267474,1674311283_15933
582,-34978.9408688322,-34956.9408688322,-34935.9086157725,-34904.7508746671,1674330865_60114
635,-34978.8182424139,-34956.8182424139,-34935.7859893542,-34904.6282482489,1674295318_7404
288,-34977.5164448964,-34955.5164448964,-34934.4841918367,-34903.3264507314,1674310769_57647
154,-34977.2185922365,-34955.2185922365,-34934.1863391768,-34903.0285980715,1674321020_7688
578,-34976.8849061062,-34954.8849061062,-34933.8526530465,-34902.6949119412,1674330528_71506
269,-34976.4144980597,-34954.4144980597,-34933.382245,-34902.2245038947,1674309533_49284
654,-34975.9552821075,-34953.9552821075,-34932.9230290478,-34901.7652879425,1674296561_51343
812,-34975.6177489185,-34953.6177489185,-34932.5854958588,-34901.4277547535,1674300495_29184
798,-34975.5084286881,-34953.5084286881,-34932.4761756284,-34901.3184345231,1674299557_94337
537,-34975.3034717626,-34953.3034717626,-34932.2712187029,-34901.1134775976,1674327446_82308
177,-34975.0989361669,-34953.0989361669,-34932.0666831072,-34900.9089420018,1674322747_81163
274,-34974.8414320379,-34952.8414320379,-34931.8091789782,-34900.6514378728,1674309821_20375
761,-34974.7756188409,-34952.7756188409,-34931.7433657812,-34900.5856246758,1674324412_64152
84,-34974.4588524106,-34952.4588524106,-34931.4265993508,-34900.2688582455,1674317596_41348
624,-34974.1899846506,-34952.1899846506,-34931.1577315909,-34899.9999904855,1674294604_82201
383,-34974.1680566983,-34952.1680566983,-34931.1358036386,-34899.9780625333,1674315690_8871
367,-34974.0872663702,-34952.0872663702,-34931.0550133105,-34899.8972722052,1674314391_01427
173,-34974.0684109476,-34952.0684109476,-34931.0361578879,-34899.8784167826,1674322463_42356
735,-34973.7659157259,-34951.7659157259,-34930.7336626662,-34899.5759215609,1674322509_50807
904,-34973.4169217281,-34951.4169217281,-34930.3846686684,-34899.226927563,1674295310_12149
915,-34972.9762563113,-34950.9762563113,-34929.9440032516,-34898.7862621463,1674296141_30487
121,-34971.4661279995,-34949.4661279995,-34928.4338749398,-34897.2761338344,1674318552_96779
216,-34971.1390976499,-34949.1390976499,-34928.1068445901,-34896.9491034848,1674305895_74715
688,-34971.01089434,-34949.01089434,-34927.9786412803,-34896.8209001749,1674319308_28381
39,-34970.9524667046,-34948.9524667046,-34927.9202136449,-34896.7624725395,1674314422_11015
608,-34970.892376465,-34948.892376465,-34927.8601234053,-34896.7023822999,1674293540_48117
153,-34970.5671723773,-34948.5671723773,-34927.5349193176,-34896.3771782122,1674320934_74617
456,-34970.3936320559,-34948.3936320559,-34927.3613789962,-34896.2036378909,1674305745_72585
512,-34970.2513020421,-34948.2513020421,-34927.2190489824,-34896.061307877,1674325534_43025
900,-34969.9206658441,-34947.9206658441,-34926.8884127844,-34895.7306716791,1674294975_68159
248,-34969.3948185098,-34947.3948185098,-34926.3625654501,-34895.2048243448,1674308155_66277
375,-34969.0311846631,-34947.0311846631,-34925.9989316034,-34894.8411904981,1674315012_43797
685,-34968.5851326332,-34946.5851326332,-34925.5528795734,-34894.3951384681,1674319111_40678
249,-34968.3498524594,-34946.3498524594,-34925.3175993997,-34894.1598582944,1674308202_55219
874,-34968.2094186836,-34946.2094186836,-34925.1771656239,-34894.0194245185,1674304652_89511
378,-34967.9106360968,-34945.9106360968,-34924.8783830371,-34893.7206419318,1674315217_09086
28,-34967.363170387,-34945.363170387,-34924.3309173273,-34893.173176222,1674313512_95554
729,-34966.2625403889,-34944.2625403889,-34923.2302873292,-34892.0725462239,1674322153_97884
782,-34966.1409733624,-34944.1409733624,-34923.1087203027,-34891.9509791974,1674298503_95995
763,-34965.5816043305,-34943.5816043305,-34922.5493512708,-34891.3916101654,1674324522_65509
451,-34964.9859223981,-34942.9859223981,-34921.9536693384,-34890.7959282331,1674305299_35138
703,-34964.9649193441,-34942.9649193441,-34921.9326662844,-34890.7749251791,1674320441_01458
839,-34964.7775074578,-34942.7775074578,-34921.7452543981,-34890.5875132928,1674302424_36021
394,-34964.4449424495,-34942.4449424495,-34921.4126893898,-34890.2549482844,1674316480_17714
13,-34964.3267526567,-34942.3267526567,-34921.294499597,-34890.1367584916,1674312501_88253
165,-34964.238885266,-34942.238885266,-34921.2066322063,-34890.048891101,1674321848_76242
176,-34963.8382074,-34941.8382074,-34920.8059543403,-34889.6482132349,1674322689_51161
401,-34963.1669411333,-34941.1669411333,-34920.1346880736,-34888.9769469682,1674301300_18221
901,-34962.8309682909,-34940.8309682909,-34919.7987152312,-34888.6409741258,1674295059_35254
205,-34962.6003174748,-34940.6003174748,-34919.5680644151,-34888.4103233098,1674305091_88022
218,-34962.533133297,-34940.533133297,-34919.5008802372,-34888.3431391319,1674306031_70478
903,-34962.476529857,-34940.476529857,-34919.4442767973,-34888.2865356919,1674295244_22946
161,-34961.3476650014,-34939.3476650014,-34918.3154119417,-34887.1576708364,1674321454_39751
913,-34961.0460464958,-34939.0460464958,-34918.0137934361,-34886.8560523308,1674295971_32909
403,-34960.7164007339,-34938.7164007339,-34917.6841476742,-34886.5264065688,1674301451_80755
220,-34960.7152283119,-34938.7152283119,-34917.6829752522,-34886.5252341469,1674306177_17813
492,-34960.2270272185,-34938.2270272185,-34917.1947741588,-34886.0370330535,1674308486_40811
775,-34960.075680889,-34938.075680889,-34917.0434278293,-34885.885686724,1674325310_13781
738,-34959.9069723049,-34937.9069723049,-34916.8747192452,-34885.7169781399,1674322696_91664
103,-34959.6444940473,-34937.6444940473,-34916.6122409875,-34885.4544998822,1674317168_01785
150,-34959.5337280598,-34937.5337280598,-34916.5014750001,-34885.3437338947,1674320677_32993
66,-34959.41250303,-34937.41250303,-34916.3802499703,-34885.2225088649,1674316322_1749
156,-34958.8211304971,-34936.8211304971,-34915.7888774374,-34884.6311363321,1674321147_14023
444,-34958.3231210302,-34936.3231210302,-34915.2908679704,-34884.1331268651,1674304780_0522
655,-34957.803577692,-34935.803577692,-34914.7713246323,-34883.613583527,1674296605_63787
882,-34957.0824112893,-34935.0824112893,-34914.0501582296,-34882.8924171242,1674293611_5074
245,-34956.9794250265,-34934.9794250265,-34913.9471719668,-34882.7894308614,1674307948_48158
256,-34956.774783936,-34934.774783936,-34913.7425308763,-34882.5847897709,1674308654_99764
650,-34956.6424190395,-34934.6424190395,-34913.6101659798,-34882.4524248745,1674296306_73525
329,-34954.034437456,-34932.034437456,-34911.0021843963,-34879.844443291,1674311502_62387
179,-34953.5675497028,-34931.5675497028,-34910.5352966431,-34879.3775555377,1674322958_97305
49,-34953.1970990681,-34931.1970990681,-34910.1648460084,-34879.0071049031,1674315058_13487
448,-34952.8812794641,-34930.8812794641,-34909.8490264044,-34878.6912852991,1674305121_17913
460,-34952.5039396276,-34930.5039396276,-34909.4716865679,-34878.3139454626,1674306046_5426
381,-34952.4885522587,-34930.4885522587,-34909.4562991989,-34878.2985580936,1674315490_17248
34,-34952.0520215444,-34930.0520215444,-34909.0197684847,-34877.8620273794,1674314036_69065
400,-34951.8221759006,-34929.8221759006,-34908.7899228409,-34877.6321817355,1674301222_80898
787,-34951.270729458,-34929.270729458,-34908.2384763983,-34877.080735293,1674298778_3716
142,-34951.1521096191,-34929.1521096191,-34908.1198565594,-34876.9621154541,1674319991_01245
491,-34950.8859945001,-34928.8859945001,-34907.8537414403,-34876.696000335,1674308428_00302
711,-34950.1408745844,-34928.1408745844,-34907.1086215246,-34875.9508804193,1674320996_90851
273,-34950.1118627468,-34928.1118627468,-34907.0796096871,-34875.9218685818,1674309770_67362
826,-34949.388270798,-34927.388270798,-34906.3560177382,-34875.1982766329,1674301395_37696
199,-34949.0691372491,-34927.0691372491,-34906.0368841894,-34874.8791430841,1674324525_48032
844,-34948.7230050149,-34926.7230050149,-34905.6907519552,-34874.5330108498,1674302688_22274
172,-34948.1935285266,-34926.1935285266,-34905.1612754668,-34874.0035343615,1674322411_72364
970,-34948.1831414249,-34926.1831414249,-34905.1508883652,-34873.9931472599,1674300715_8897
757,-34946.6772008881,-34924.6772008881,-34903.6449478284,-34872.4872067231,1674324086_67496
188,-34946.0023329363,-34924.0023329363,-34902.9700798766,-34871.8123387712,1674323777_16454
816,-34945.7609990948,-34923.7609990948,-34902.7287460351,-34871.5710049297,1674300711_74184
95,-34945.6224469099,-34923.6224469099,-34902.5901938502,-34871.4324527449,1674318250_2556
454,-34945.280237078,-34923.280237078,-34902.2479840183,-34871.090242913,1674305553_6071
445,-34944.6151460445,-34922.6151460445,-34901.5828929848,-34870.4251518795,1674304880_9117
969,-34944.2063046443,-34922.2063046443,-34901.1740515846,-34870.0163104793,1674300657_63008
589,-34943.8085685129,-34921.8085685129,-34900.7763154532,-34869.6185743478,1674331453_30715
101,-34943.7765264423,-34921.7765264423,-34900.7442733826,-34869.5865322773,1674317034_0346
546,-34942.0031900715,-34920.0031900715,-34898.9709370118,-34867.8131959064,1674328134_99144
823,-34941.4565787903,-34919.4565787903,-34898.4243257306,-34867.2665846253,1674301165_60648
41,-34940.9246255197,-34918.9246255197,-34897.8923724599,-34866.7346313546,1674314521_54496
106,-34938.8612368703,-34916.8612368703,-34895.8289838106,-34864.6712427052,1674317454_715
893,-34938.3893165263,-34916.3893165263,-34895.3570634666,-34864.1993223612,1674294439_89862
910,-34936.6582347798,-34914.6582347798,-34893.6259817201,-34862.4682406148,1674295791_93706
271,-34936.0156839166,-34914.0156839166,-34892.9834308569,-34861.8256897516,1674309629_22757
428,-34934.9057684092,-34912.9057684092,-34891.8735153495,-34860.7157742441,1674303604_53087
559,-34934.3581829371,-34912.3581829371,-34891.3259298774,-34860.168188772,1674328984_84315
681,-34929.3042029641,-34907.3042029641,-34886.2719499044,-34855.1142087991,1674318892_77202
239,-34928.9150991888,-34906.9150991888,-34885.8828461291,-34854.7251050238,1674307494_11205
851,-34928.1963921978,-34906.1963921978,-34885.164139138,-34854.0063980327,1674303140_14152
323,-34926.5489419206,-34904.5489419206,-34883.5166888609,-34852.3589477555,1674310962_39474
183,-34924.199844415,-34902.199844415,-34881.1675913553,-34850.00985025,1674323255_4711
739,-34922.4476830638,-34900.4476830638,-34879.4154300041,-34848.2576888988,1674322759_63102
506,-34920.679456675,-34898.679456675,-34877.6472036153,-34846.4894625099,1674325121_41979
663,-34920.0616904213,-34898.0616904213,-34877.0294373616,-34845.8716962562,1674297097_59628
788,-34919.8628211561,-34897.8628211561,-34876.8305680964,-34845.6728269911,1674298842_58038
833,-34919.2721420031,-34897.2721420031,-34876.2398889434,-34845.0821478381,1674301946_12436
534,-34917.8729060032,-34895.8729060032,-34874.8406529435,-34843.6829118382,1674327235_11034
831,-34915.0650096183,-34893.0650096183,-34872.0327565586,-34840.8750154533,1674301764_53511
581,-34911.1621659133,-34889.1621659133,-34868.1299128536,-34836.9721717483,1674330758_61589
481,-34910.788059393,-34888.788059393,-34867.7558063332,-34836.5980652279,1674307718_52497
115,-34896.1341006948,-34874.1341006948,-34853.1018476351,-34821.9441065298,1674318080_14375
418,-34894.9517091245,-34872.9517091245,-34851.9194560648,-34820.7617149595,1674302776_84016
899,-34894.3096698517,-34872.3096698517,-34851.277416792,-34820.1196756866,1674294881_22972
560,-34893.1393575718,-34871.1393575718,-34850.1071045121,-34818.9493634067,1674329068_24564
568,-34883.2735177872,-34861.2735177872,-34840.2412647275,-34809.0835236221,1674329705_39392
616,-34874.9945073643,-34852.9945073643,-34831.9622543046,-34800.8045131993,1674294090_54242
143,-34865.9691663023,-34843.9691663023,-34822.9369132426,-34791.7791721373,1674320051_65811
360,-34861.9104418489,-34839.9104418489,-34818.8781887892,-34787.7204476839,1674313739_71135
778,-34840.2093151753,-34818.2093151753,-34797.1770621156,-34766.0193210103,1674298266_70415
267,-34836.1645109282,-34814.1645109282,-34793.1322578685,-34761.9745167632,1674309378_60319
477,-34832.7662924954,-34810.7662924954,-34789.7340394357,-34758.5762983304,1674307388_51746
105,-34829.2455557318,-34807.2455557318,-34786.2133026721,-34755.0555615667,1674317348_82746
48,-34826.5843441806,-34804.5843441806,-34783.5520911209,-34752.3943500155,1674315002_85894
364,-34824.6694369306,-34802.6694369306,-34781.6371838709,-34750.4794427656,1674314099_96404
959,-34818.2271463252,-34796.2271463252,-34775.1948932655,-34744.0371521602,1674299773_17362
748,-34815.5430650558,-34793.5430650558,-34772.510811996,-34741.3530708907,1674323488_82705
349,-34813.6724878009,-34791.6724878009,-34770.6402347412,-34739.4824936358,1674312994_03247
786,-34791.0470167709,-34769.0470167709,-34748.0147637112,-34716.8570226059,1674298726_38832
246,-34790.2153754047,-34768.2153754047,-34747.183122345,-34716.0253812396,1674307998_14109
854,-34786.1100307243,-34764.1100307243,-34743.0777776646,-34711.9200365592,1674303309_74286
871,-34775.8205499397,-34753.8205499397,-34732.78829688,-34701.6305557746,1674304430_55412
579,-34771.8346071657,-34749.8346071657,-34728.802354106,-34697.6446130006,1674330612_57446
137,-34771.7877616153,-34749.7877616153,-34728.7555085556,-34697.5977674503,1674319658_64324
939,-34759.9441680461,-34737.9441680461,-34716.9119149863,-34685.754173881,1674298219_09324
594,-34748.1756311047,-34726.1756311047,-34705.143378045,-34673.9856369397,1674331833_92129
858,-34711.0223071377,-34689.0223071377,-34667.9900540779,-34636.8323129726,1674303529_53577
301,-34696.9578088353,-34674.9578088353,-34653.9255557756,-34622.7678146703,1674309154_57342
947,-34687.1645919085,-34665.1645919085,-34644.1323388488,-34612.9745977435,1674298797_01778
914,-34681.4336810047,-34659.4336810047,-34638.4014279449,-34607.2436868396,1674296025_65631
251,-34663.5694621884,-34641.5694621884,-34620.5372091287,-34589.3794680233,1674308310_39409
660,-34658.0340925551,-34636.0340925551,-34615.0018394953,-34583.84409839,1674296919_04185
469,-34641.8624320924,-34619.8624320924,-34598.8301790327,-34567.6724379274,1674306667_78713
413,-34634.1141855676,-34612.1141855676,-34591.0819325079,-34559.9241914025,1674302207_50388
104,-34618.7820221373,-34596.7820221373,-34575.7497690776,-34544.5920279723,1674317233_9901
149,-34611.7008212986,-34589.7008212986,-34568.6685682389,-34537.5108271335,1674320557_80617
204,-34604.1637115269,-34582.1637115269,-34561.1314584671,-34529.9737173618,1674305005_22235
159,-34592.3158843098,-34570.3158843098,-34549.2836312501,-34518.1258901448,1674321337_55767
3,-34581.9183485148,-34559.9183485148,-34538.8860954551,-34507.7283543498,1674311813_97363
614,-34574.7564333723,-34552.7564333723,-34531.7241803125,-34500.5664392072,1674293973_10809
388,-34562.7280431063,-34540.7280431063,-34519.6957900466,-34488.5380489413,1674316063_6278
402,-34560.3734480252,-34538.3734480252,-34517.3411949655,-34486.1834538602,1674301355_88383
697,-34557.1449563862,-34535.1449563862,-34514.1127033265,-34482.9549622212,1674319925_64325
164,-34553.294864098,-34531.294864098,-34510.2626110383,-34479.104869933,1674321667_91801
136,-34548.3555218447,-34526.3555218447,-34505.323268785,-34474.1655276797,1674319551_07822
832,-34539.5280073728,-34517.5280073728,-34496.4957543131,-34465.3380132077,1674301818_74368
282,-34521.6770420329,-34499.6770420329,-34478.6447889732,-34447.4870478679,1674310359_0801
228,-34513.7837069367,-34491.7837069367,-34470.751453877,-34439.5937127717,1674306678_44764
483,-34496.8329262964,-34474.8329262964,-34453.8006732366,-34422.6429321313,1674307886_22549
848,-34489.6587993153,-34467.6587993153,-34446.6265462556,-34415.4688051503,1674302910_46026
756,-34485.9953284131,-34463.9953284131,-34442.9630753534,-34411.8053342481,1674323990_33626
860,-34474.728726383,-34452.728726383,-34431.6964733233,-34400.5387322179,1674303689_0297
27,-34465.7779008542,-34443.7779008542,-34422.7456477945,-34391.5879066892,1674313449_85005
30,-34459.9030593354,-34437.9030593354,-34416.8708062757,-34385.7130651704,1674313642_91929
261,-34455.2604755789,-34433.2604755789,-34412.2282225192,-34381.0704814138,1674308969_84445
880,-34455.1632682775,-34433.1632682775,-34412.1310152178,-34380.9732741124,1674293444_32084
576,-34447.9908525371,-34425.9908525371,-34404.9585994773,-34373.800858372,1674330352_84079
701,-34444.789860771,-34422.789860771,-34401.7576077113,-34370.599866606,1674320263_64693
457,-34425.644801889,-34403.644801889,-34382.6125488293,-34351.4548077239,1674305859_432
516,-34420.4160143024,-34398.4160143024,-34377.3837612427,-34346.2260201373,1674325856_35196
71,-34417.7459124819,-34395.7459124819,-34374.7136594222,-34343.5559183169,1674316715_14351
644,-34412.2767455736,-34390.2767455736,-34369.2444925139,-34338.0867514086,1674295948_89514
838,-34406.4691996872,-34384.4691996872,-34363.4369466275,-34332.2792055222,1674302326_60985
389,-34383.019515333,-34361.019515333,-34339.9872622733,-34308.829521168,1674316125_61059
840,-34378.6120980576,-34356.6120980576,-34335.5798449979,-34304.4221038925,1674302474_93953
296,-34366.260551713,-34344.260551713,-34323.2282986532,-34292.0705575479,1674311333_43496
755,-34357.2691403282,-34335.2691403282,-34314.2368872685,-34283.0791461632,1674323921_34131
209,-34351.1108899714,-34329.1108899714,-34308.0786369117,-34276.9208958063,1674305339_17148
373,-34344.0624556266,-34322.0624556266,-34301.0302025668,-34269.8724614615,1674314862_79372
399,-34343.3796686846,-34321.3796686846,-34300.3474156248,-34269.1896745195,1674316842_17079
805,-34336.0956349815,-34314.0956349815,-34293.0633819218,-34261.9056408165,1674299986_45721
587,-34280.928785376,-34258.928785376,-34237.8965323163,-34206.7387912109,1674331289_8224
168,-34277.047871835,-34255.047871835,-34234.0156187753,-34202.85787767,1674322042_74752
490,-34269.5757407459,-34247.5757407459,-34226.5434876862,-34195.3857465809,1674308339_63778
668,-34265.7145359864,-34243.7145359864,-34222.6822829267,-34191.5245418214,1674297414_94942
128,-34262.8780085554,-34240.8780085554,-34219.8457554957,-34188.6880143904,1674319042_52869
794,-34259.8590002028,-34237.8590002028,-34216.8267471431,-34185.6690060378,1674299284_53963
656,-34259.6725822517,-34237.6725822517,-34216.640329192,-34185.4825880867,1674296669_01835
665,-34228.2040397274,-34206.2040397274,-34185.1717866677,-34154.0140455624,1674297221_28354
502,-34216.0893168837,-34194.0893168837,-34173.057063824,-34141.8993227187,1674324769_04745
817,-34208.7467974848,-34186.7467974848,-34165.7145444251,-34134.5568033198,1674300766_49521
845,-34197.47619153,-34175.47619153,-34154.4439384703,-34123.2861973649,1674302737_99346
642,-34174.1546943231,-34152.1546943231,-34131.1224412634,-34099.9647001581,1674295803_87317
236,-34173.8248313926,-34151.8248313926,-34130.7925783329,-34099.6348372276,1674307318_2997
951,-34150.5593722395,-34128.5593722395,-34107.5271191798,-34076.3693780745,1674299121_89678
292,-34118.3904536755,-34096.3904536755,-34075.3582006157,-34044.2004595104,1674311046_47166
538,-34090.3736508804,-34068.3736508804,-34047.3413978207,-34016.1836567153,1674327509_1363
907,-34083.4384401131,-34061.4384401131,-34040.4061870534,-34009.2484459481,1674295537_59739
918,-34081.021965004,-34059.021965004,-34037.9897119443,-34006.8319708389,1674296337_77977
344,-33997.4052701739,-33975.4052701739,-33954.3730171142,-33923.2152760089,1674312598_41675
849,-33977.0817253548,-33955.0817253548,-33934.0494722951,-33902.8917311898,1674302990_18949
707,-33957.4765840238,-33935.4765840238,-33914.4443309641,-33883.2865898587,1674320669_89579
69,-33931.3965096208,-33909.3965096208,-33888.3642565611,-33857.2065154558,1674316517_96894
113,-33906.8043935779,-33884.8043935779,-33863.7721405182,-33832.6143994129,1674317910_0301
678,-33872.8565542183,-33850.8565542183,-33829.8243011586,-33798.6665600533,1674318681_88892
470,-33829.0578417843,-33807.0578417843,-33786.0255887246,-33754.8678476192,1674306807_47724
659,-33785.693024422,-33763.693024422,-33742.6607713623,-33711.503030257,1674296847_51971
742,-33758.0878880456,-33736.0878880456,-33715.0556349859,-33683.8978938805,1674322993_42598
638,-33750.3646849389,-33728.3646849389,-33707.3324318792,-33676.1746907739,1674295528_09357
723,-33650.6053423816,-33628.6053423816,-33607.5730893219,-33576.4153482165,1674321737_65746
647,-33619.8705095059,-33597.8705095059,-33576.8382564461,-33545.6805153408,1674296098_12404
932,-33594.8372213445,-33572.8372213445,-33551.8049682848,-33520.6472271795,1674297607_2292
771,-33552.4396985707,-33530.4396985707,-33509.407445511,-33478.2497044057,1674325075_86925
169,-33531.7817119689,-33509.7817119689,-33488.7494589092,-33457.5917178039,1674322159_433
917,-33525.9889243161,-33503.9889243161,-33482.9566712563,-33451.798930151,1674296262_02743
950,-33508.866724724,-33486.866724724,-33465.8344716643,-33434.676730559,1674299002_11294
178,-33474.8208216831,-33452.8208216831,-33431.7885686234,-33400.6308275181,1674322856_61169
793,-33454.0213258446,-33432.0213258446,-33410.9890727849,-33379.8313316796,1674299231_66047
100,-33448.5686781987,-33426.5686781987,-33405.536425139,-33374.3786840336,1674316949_90178
770,-33441.0445504985,-33419.0445504985,-33398.0122974388,-33366.8545563334,1674324957_24557
716,-33429.2783489114,-33407.2783489114,-33386.2460958516,-33355.0883547463,1674321252_6234
315,-33428.6376015632,-33406.6376015632,-33385.6053485035,-33354.4476073982,1674310164_558
327,-33419.0887149627,-33397.0887149627,-33376.0564619029,-33344.8987207976,1674311340_55252
540,-33417.1443853667,-33395.1443853667,-33374.112132307,-33342.9543912017,1674327698_86238
93,-33408.5443510317,-33386.5443510317,-33365.512097972,-33334.3543568666,1674318121_12444
583,-33404.2729827847,-33382.2729827847,-33361.240729725,-33330.0829886197,1674330925_6788
266,-33397.3099881784,-33375.3099881784,-33354.2777351187,-33323.1199940133,1674309291_04511
4,-33380.7704183864,-33358.7704183864,-33337.7381653267,-33306.5804242214,1674311900_35172
461,-33325.15643099,-33303.15643099,-33282.1241779303,-33250.966436825,1674306111_47364
190,-33275.1093295871,-33253.1093295871,-33232.0770765274,-33200.9193354221,1674323885_39895
891,-33208.8321470691,-33186.8321470691,-33165.7998940094,-33134.6421529041,1674294282_10624
33,-33208.1245145691,-33186.1245145691,-33165.0922615094,-33133.9345204041,1674313907_04512
963,-33195.8697265018,-33173.8697265018,-33152.8374734421,-33121.6797323368,1674300182_11959
322,-33139.0395766002,-33117.0395766002,-33096.0073235405,-33064.8495824352,1674310819_60545
777,-33062.3878851134,-33040.3878851134,-33019.3556320537,-32988.1978909484,1674298154_85525
2,-32990.1712401896,-32968.1712401896,-32947.1389871299,-32915.9812460246,1674311757_72492
719,-32855.7885352224,-32833.7885352224,-32812.7562821627,-32781.5985410573,1674321491_80989
306,-32726.6583674804,-32704.6583674804,-32683.6261144207,-32652.4683733153,1674309473_03471
214,-32512.3327970058,-32490.3327970058,-32469.3005439461,-32438.1428028408,1674305719_21983
740,-32380.2307451289,-32358.2307451289,-32337.1984920692,-32306.0407509639,1674322863_59978
187,-32370.9931045847,-32348.9931045847,-32327.960851525,-32296.8031104197,1674323729_41111
569,-32339.3558236243,-32317.3558236243,-32296.3235705646,-32265.1658294593,1674329785_97449
123,-32310.7798709581,-32288.7798709581,-32267.7476178983,-32236.589876793,1674318682_40161
974,-32285.4509001433,-32263.4509001433,-32242.4186470836,-32211.2609059783,1674301032_10118
804,-32214.3455308572,-32192.3455308572,-32171.3132777975,-32140.1555366921,1674299931_60188
417,-32191.6291605966,-32169.6291605966,-32148.5969075369,-32117.4391664316,1674302651_17389
151,-32183.2742732175,-32161.2742732175,-32140.2420201578,-32109.0842790525,1674320740_09585
700,-32179.2519647138,-32157.2519647138,-32136.2197116541,-32105.0619705488,1674320175_19675
393,-31965.8156615496,-31943.8156615496,-31922.7834084899,-31891.6256673846,1674316390_79015
480,-31924.4890697511,-31902.4890697511,-31881.4568166913,-31850.299075586,1674307614_51303
9,-31863.6764066246,-31841.6764066246,-31820.6441535649,-31789.4864124596,1674312194_26085
620,-31753.3296424664,-31731.3296424664,-31710.2973894066,-31679.1396483013,1674294320_54321
361,-31748.9792057638,-31726.9792057638,-31705.946952704,-31674.7892115987,1674313862_17461
42,-31708.6996070995,-31686.6996070995,-31665.6673540398,-31634.5096129344,1674314576_73603
210,-31697.1337258756,-31675.1337258756,-31654.1014728159,-31622.9437317105,1674305393_375
709,-31689.328320668,-31667.328320668,-31646.2960676083,-31615.138326503,1674320842_37422
46,-31634.2523302625,-31612.2523302625,-31591.2200772028,-31560.0623360975,1674314837_06532
862,-31593.1279255388,-31571.1279255388,-31550.0956724791,-31518.9379313737,1674303836_89658
933,-31541.6805479196,-31519.6805479196,-31498.6482948599,-31467.4905537546,1674297709_42476
312,-31486.1156338956,-31464.1156338956,-31443.0833808359,-31411.9256397306,1674309932_66405
430,-31476.5825652021,-31454.5825652021,-31433.5503121424,-31402.3925710371,1674303748_10894
527,-31399.7129679777,-31377.7129679777,-31356.680714918,-31325.5229738127,1674326635_28348
525,-31367.0794521791,-31345.0794521791,-31324.0471991194,-31292.889458014,1674326496_47365
592,-31284.6850912758,-31262.6850912758,-31241.6528382161,-31210.4950971108,1674331658_71927
253,-31260.4391057559,-31238.4391057559,-31217.4068526962,-31186.2491115908,1674308450_95693
12,-31217.4852678936,-31195.4852678936,-31174.4530148338,-31143.2952737285,1674312447_16141
949,-31198.7226523151,-31176.7226523151,-31155.6903992554,-31124.5326581501,1674298913_41109
6,-31096.2649464016,-31074.2649464016,-31053.2326933419,-31022.0749522365,1674311995_9389
792,-31070.6145994993,-31048.6145994993,-31027.5823464396,-30996.4246053342,1674299152_71752
331,-31042.7034663465,-31020.7034663465,-30999.6712132868,-30968.5134721815,1674311655_75157
960,-31032.8418902602,-31010.8418902602,-30989.8096372005,-30958.6518960952,1674299914_73872
573,-30920.2729153523,-30898.2729153523,-30877.2406622926,-30846.0829211872,1674330111_22981
415,-30893.6836013702,-30871.6836013702,-30850.6513483104,-30819.4936072051,1674302453_25999
19,-30829.685235098,-30807.685235098,-30786.6529820383,-30755.495240933,1674312924_01364
482,-30780.0864843208,-30758.0864843208,-30737.0542312611,-30705.8964901558,1674307819_82782
765,-30764.7651781306,-30742.7651781306,-30721.7329250709,-30690.5751839655,1674324641_45979
808,-30445.4183585976,-30423.4183585976,-30402.3861055379,-30371.2283644325,1674300180_26665
62,-30374.5185667865,-30352.5185667865,-30331.4863137268,-30300.3285726215,1674315993_85111
416,-30318.7462302791,-30296.7462302791,-30275.7139772194,-30244.5562361141,1674302548_9883
827,-30292.7005624428,-30270.7005624428,-30249.6683093831,-30218.5105682777,1674301464_27388
818,-30227.8879021862,-30205.8879021862,-30184.8556491265,-30153.6979080211,1674300860_72456
957,-30202.896448709,-30180.896448709,-30159.8641956493,-30128.7064545439,1674299596_37126
372,-30077.4709437923,-30055.4709437923,-30034.4386907326,-30003.2809496272,1674314751_29581
82,-30055.0765301126,-30033.0765301126,-30012.0442770529,-29980.8865359475,1674317403_15993
843,-29961.8191374309,-29939.8191374309,-29918.7868843712,-29887.6291432658,1674302648_2109
398,-29857.3765079182,-29835.3765079182,-29814.3442548584,-29783.1865137531,1674316786_26043
185,-29853.753190598,-29831.753190598,-29810.7209375383,-29779.563196433,1674323437_40337
53,-29810.6072070391,-29788.6072070391,-29767.5749539794,-29736.4172128741,1674315328_68771
131,-29775.7492614994,-29753.7492614994,-29732.7170084397,-29701.5592673344,1674319199_14368
825,-29766.0249425461,-29744.0249425461,-29722.9926894864,-29691.834948381,1674301346_74651
47,-29397.5308212092,-29375.5308212092,-29354.4985681495,-29323.3408270442,1674314925_01606
343,-29212.6942338559,-29190.6942338559,-29169.6619807962,-29138.5042396909,1674312533_67533
263,-29131.268440463,-29109.268440463,-29088.2361874033,-29057.078446298,1674309119_1139
347,-29078.3184068959,-29056.3184068959,-29035.2861538362,-29004.1284127308,1674312882_84892
252,-29073.2690039253,-29051.2690039253,-29030.2367508656,-28999.0790097602,1674308393_93016
244,-28934.906797145,-28912.906797145,-28891.8745440853,-28860.7168029799,1674307853_77997
432,-28903.9762245648,-28881.9762245648,-28860.9439715051,-28829.7862303997,1674303915_93439
894,-28836.0599403738,-28814.0599403738,-28793.0276873141,-28761.8699462088,1674294497_94887
916,-28638.0457897389,-28616.0457897389,-28595.0135366792,-28563.8557955739,1674296203_55922
836,-28582.617979691,-28560.617979691,-28539.5857266313,-28508.427985526,1674302175_1282
588,-28299.4577459291,-28277.4577459291,-28256.4254928694,-28225.267751764,1674331352_15842
730,-27783.4355094547,-27761.4355094547,-27740.4032563949,-27709.2455152896,1674322214_58426
760,-27270.4147360878,-27248.4147360878,-27227.3824830281,-27196.2247419227,1674324291_5756
691,-27042.7282890974,-27020.7282890974,-26999.6960360376,-26968.5382949323,1674319501_60163
754,-26460.1822337611,-26438.1822337611,-26417.1499807014,-26385.992239596,1674323833_53773
885,-26298.4973832351,-26276.4973832351,-26255.4651301754,-26224.30738907,1674293891_5574
715,-26297.7830447673,-26275.7830447673,-26254.7507917076,-26223.5930506023,1674321192_61392
152,-24774.8050474607,-24752.8050474607,-24731.772794401,-24700.6150532956,1674320841_6574
906,-24482.2415165214,-24460.2415165214,-24439.2092634617,-24408.0515223563,1674295438_46819
876,-24057.7964034687,-24035.7964034687,-24014.764150409,-23983.6064093036,1674293140_52261
931,-17551.8662050586,-17529.8662050586,-17508.8339519989,-17477.6762108935,1674297439_57988
223,10158.1576339035,10180.1576339035,10201.1898869632,10232.3476280686,1674306346_41256
