"run","a","delta1m0_pop","delta2_pop","e0_m0_pop","gamma_pop","k1m0_pop","k2_pop","k2m0scale_pop","offset_pop","omega_delta1m0","omega_delta2","omega_e0_m0","omega_gamma","omega_k1m0","omega_k2","omega_k2m0scale","omega_offset","omega_r0_m0","omega_tBegin","r0_m0_pop","tBegin_pop"
"1703622326_29596"," 0.03398587"," 1.32611330","-0.13936666","-1.47477935","-3.84899134"," 0.49296961","-0.74938119","11.23514208"," 2.13861546"," 2.90828897"," 3.05907491"," 1.66641453"," 2.63104012"," 1.52409223"," 1.65513461"," 1.18431950"," 0.41667957"," 1.59831624"," 0.70542406","-0.36443419","-0.36811217"
"1703700064_52748"," 0.03400834"," 0.28103781"," 1.15796440","-1.11096400","-3.11781364"," 1.09528783","-1.62600776","11.38482289"," 2.13904612"," 3.37129733"," 3.75283090"," 2.57891130"," 2.23162923"," 1.22768007"," 1.68123517"," 1.13534988"," 0.41663529"," 1.57662052"," 0.69726737","-1.14423574","-0.36414673"
"1703326199_19178"," 0.03388273","-1.62660954"," 1.29875773"," 0.47946603","-4.22535530","-0.01449539","-0.49731353","13.09435377"," 2.13776968"," 2.69879610"," 3.86391426"," 2.13464312"," 2.56412403"," 2.02762546"," 1.65911841"," 1.14123323"," 0.41726458"," 1.84940870"," 0.71602169","-1.88897414","-0.37758888"
"1703574098_73867"," 0.03445369"," 2.27485899"," 0.34391074","-1.20066944","-4.04696398"," 1.58260358","-1.87706995","12.87133954"," 2.13886576"," 2.70407148"," 2.77107913"," 1.53070695"," 2.45350502"," 1.22050816"," 1.77459880"," 1.10189730"," 0.41652044"," 1.67434065"," 0.69230563","-2.88007612","-0.35622838"
"1703833580_96"," 0.03383257"," 1.09604244"," 0.08456408","-2.04229323","-2.73435475"," 0.49883776","-1.16321801","11.42740024"," 2.13815552"," 3.04179494"," 3.63091755"," 2.02737131"," 2.41562099"," 1.60707192"," 1.81774034"," 1.15828923"," 0.41694477"," 1.61806609"," 0.71137191","-0.65268296","-0.37373567"
"1703845654_16089"," 0.03369653"," 0.83713414"," 2.91529032","-2.07454743","-4.57380936"," 0.65022046","-0.06962618","13.85117680"," 2.13787233"," 3.18113342"," 3.53455578"," 2.57958665"," 2.72189504"," 1.76161021"," 1.52456492"," 1.20441935"," 0.41705311"," 1.65097963"," 0.70670916","-3.21570174","-0.37059033"
"1704037856_86827"," 0.03374949","-0.72774686","-0.22174999","-1.15004436","-2.89772563"," 0.55230121","-0.24808688","13.46267501"," 2.13832230"," 2.58261787"," 5.99263306"," 1.89559360"," 2.35881059"," 1.62485706"," 1.61006037"," 1.25819188"," 0.41704905"," 1.67524608"," 0.70697415","-2.78496793","-0.37193348"
"1704098311_70792"," 0.03395022","-4.64232086","-3.37026599"," 2.26966695","-2.78536275"," 1.08991939","-0.96697954","13.38858139"," 2.13769175"," 2.69572735"," 6.45211262"," 2.11783007"," 2.29543768"," 1.49277819"," 1.65906004"," 1.25015474"," 0.41715420"," 1.55295879"," 0.72593761","-3.22373203","-0.38112990"
"1701021494_18584"," 0.0345375"," 1.8623285"," 4.2003032","-3.8427192","-2.1785494"," 0.7567797","-1.7277937","12.5116576"," 2.1383991"," 2.6799471"," 3.2351874"," 2.0081335"," 2.4941400"," 1.9162637"," 2.2081966"," 1.2668794"," 0.4169789"," 1.5185637"," 0.7121870","-1.9568422","-0.3724168"
"1700948947_46843"," 0.0337901"," 2.4603315"," 2.5173314","-2.1401943","-5.0940495"," 0.9188936","-0.5582180","12.6788797"," 2.1386961"," 3.4122709"," 3.2232478"," 2.2230897"," 2.4089223"," 1.6257323"," 1.5749085"," 1.1957830"," 0.4168805"," 1.8063578"," 0.7075026","-2.1786065","-0.3660940"
"1703718463_37505"," 0.033990142","-1.673167570","-0.004409635","-0.156213677","-2.734950910"," 0.791810266","-1.040154007","12.022878716"," 2.137981890"," 2.864610472"," 5.231693014"," 1.959513565"," 2.300362978"," 1.513733421"," 1.610459735"," 1.185540315"," 0.417088665"," 1.590228395"," 0.720833090","-1.585420154","-0.378843341"
"1703661520_21394"," 0.03398395"," 1.37721881"," 3.01160051","-2.52512593","-4.44679054"," 0.82472785","-0.38567429","12.55353141"," 2.13877502"," 2.66245675"," 2.78219478"," 2.21991771"," 2.92171343"," 1.61910673"," 1.54801487"," 1.10816995"," 0.41668271"," 1.71962325"," 0.70600473","-2.07195906","-0.36817272"
"1703747706_3387"," 0.03393403"," 1.74787057"," 3.11499453","-2.53904181","-3.67648504"," 0.75106234","-1.11236589","12.82221934"," 2.13874058"," 2.73595539"," 3.70920688"," 2.01789025"," 2.77953204"," 1.72126994"," 1.91397815"," 1.19894021"," 0.41667092"," 1.73858035"," 0.71175007","-2.25540967","-0.37144911"
"1703427601_95023"," 0.0340025"," 2.8092363"," 0.9572231","-3.5214871","-1.5097416","-1.6299894","-1.9262135","11.9057754"," 2.1389412"," 3.8477214"," 3.0356200"," 1.9788219"," 2.8387520"," 2.2642729"," 2.8345797"," 1.4978548"," 0.4166437"," 1.6404776"," 0.7002197"," 0.9553000","-0.3682420"
"1702077257_8336"," 0.034254580"," 3.850935967"," 1.248086116","-2.726516185","-5.592266600"," 0.859268614","-0.183114348","10.713163403"," 2.139476250"," 3.136182417"," 2.207859907"," 1.766968675"," 2.667721526"," 1.407967627"," 1.472328585"," 1.233967735"," 0.416244508"," 1.519904024"," 0.689667988","-0.006882855","-0.353029759"
"1703348599_58448"," 0.03408849"," 1.72716698"," 0.06306264","-1.88548047","-3.76752813","-0.83248116","-0.41204363","11.94323237"," 2.13818145"," 3.21363996"," 3.53890763"," 2.02552079"," 3.02516997"," 1.89165050"," 1.87743087"," 1.19724675"," 0.41690178"," 1.79284418"," 0.70993542"," 0.13744207","-0.37378706"
"1701064248_42509"," 0.03419778"," 2.01591520"," 0.57442964","-1.52805733","-2.70797215"," 0.44487790","-2.34107981","13.80947441"," 2.13795899"," 2.55167273"," 4.59947643"," 1.60527999"," 2.54036558"," 1.98146237"," 2.24906374"," 1.17430575"," 0.41672703"," 1.71985858"," 0.70864955","-2.92290836","-0.37140873"
"1703885890_87837"," 0.0343472","-5.7179616","-0.1179301"," 3.9422475","-3.7938204"," 0.5095135","-0.6571318","12.7830146"," 2.1388510"," 2.5865724"," 2.7185775"," 2.2108714"," 2.4316455"," 1.7183623"," 1.5867521"," 1.1474131"," 0.4170723"," 1.7753045"," 0.7091134","-2.0800150","-0.3731737"
"1703289713_867"," 0.03413839","-1.43219992","-1.38304234"," 0.43776034","-2.70577872"," 0.71498123","-1.78334598","12.10446644"," 2.13879940"," 2.92427048"," 4.03321676"," 2.00944621"," 2.50874881"," 1.91404704"," 1.86649719"," 1.21078151"," 0.41654067"," 1.65321587"," 0.70244436","-1.42089880","-0.36522654"
"1703698962_8867"," 0.03723511","-0.33996758"," 1.05520189","-0.25593662","-4.04003905"," 0.77327041","-1.05428531","12.60357575"," 2.13813673"," 2.97487171"," 4.10109098"," 1.96028389"," 2.58820869"," 1.67653255"," 1.75772041"," 1.06775853"," 0.41618604"," 1.75392107"," 0.71224533","-2.07364220","-0.37304525"
"1703183524_08838"," 0.03428083","-2.07176123"," 0.58443556"," 0.40606067","-4.44855374"," 1.02580296"," 0.12747359","13.40685432"," 2.14018496"," 2.39688973"," 3.25773440"," 2.15264814"," 2.64685500"," 1.71034748"," 1.46736649"," 1.18083189"," 0.41699274"," 1.56592916"," 0.68900362","-2.98458467","-0.35636886"
"1703956488_52979"," 0.03484382"," 4.65514797","-0.63779045","-2.14583830","-3.64629768"," 1.52263138","-1.57688260","10.86154613"," 2.13948402"," 3.71350751"," 2.48301341"," 1.49564005"," 2.63811534"," 1.74042612"," 1.73649186"," 1.20996867"," 0.41635776"," 1.45577625"," 0.69194706","-0.50525940","-0.35083690"
"1704017375_84244"," 0.03418573","-0.56824349"," 1.40184772","-0.90134266","-4.55605896","-1.75798331"," 0.49560950","12.67053839"," 2.13765473"," 3.02506471"," 2.67449906"," 2.33674972"," 2.52709073"," 1.94217174"," 1.43268077"," 1.12218833"," 0.41699599"," 1.86354065"," 0.71278652"," 0.18476641","-0.37973477"
"1704058007_6318"," 0.03474441","-1.15264813","-1.13615451"," 0.25214930","-3.42922060","-0.80774278","-0.94283790","11.61680769"," 2.13846718"," 3.10028665"," 2.89676676"," 2.16176984"," 2.67679189"," 2.01021420"," 1.88592804"," 1.22622841"," 0.41691615"," 1.83349571"," 0.69996740"," 0.44230571","-0.36910876"
"1703639901_93189"," 0.03445617","-3.98159524","-1.48653433"," 0.94473554","-1.26277598","-0.39684745","-1.73105472","12.56862331"," 2.13741303"," 4.01960064"," 5.91454748"," 2.95004821"," 1.99965812"," 2.22204758"," 2.08514970"," 1.37679904"," 0.41722159"," 1.89500396"," 0.72519819","-1.04777456","-0.38504159"
"1700986542_53526"," 0.03434887"," 4.23041457"," 1.71576435","-2.83704794","-6.16404843","-1.29333120"," 0.26135303","11.99513682"," 2.13965894"," 2.93260722"," 2.69867018"," 1.81695477"," 2.62905650"," 2.03889319"," 1.68652249"," 1.20428054"," 0.41673044"," 2.03104541"," 0.69607521"," 0.77010826","-0.36000988"
"1700892784_51286"," 0.03486009","-0.20398283","-3.07182907","-0.20961053","-1.76942185"," 0.44771779","-2.59105616","13.70108208"," 2.13928076"," 3.26052248"," 4.53187555"," 1.76536992"," 2.45518643"," 2.03716945"," 2.29390482"," 1.26852576"," 0.41657194"," 1.81384218"," 0.70897800","-2.74099236","-0.36721518"
"1703964391_65108"," 0.03584957","-0.33563677"," 0.27613362"," 0.05114480","-4.68416657"," 0.32538442","-0.25954434","11.86671739"," 2.14181370"," 3.38145348"," 1.89630688"," 2.05996304"," 2.42325208"," 1.64533549"," 1.72174870"," 1.10386340"," 0.41750993"," 1.59021842"," 0.69079704","-0.60768972","-0.35376159"
"1703658022_59098"," 0.03524956","-2.78660391","-0.35818213"," 2.27329027","-4.98441694"," 1.05783565","-0.33013450","12.12417302"," 2.14152195"," 2.63774114"," 2.13788720"," 2.25770703"," 1.85786353"," 1.37169714"," 1.27768937"," 1.12173568"," 0.41787278"," 1.60450191"," 0.70232957","-1.74710866","-0.36159089"
"1703698828_5216"," 0.03473636","-0.66786624","-0.54869341","-0.97333839","-3.02402707"," 0.03678326","-0.45601798","12.57636493"," 2.13946560"," 2.97731965"," 4.58691660"," 1.84770876"," 2.62529811"," 1.76916481"," 2.01053937"," 1.23782693"," 0.41726484"," 1.70414693"," 0.70131340","-1.33426765","-0.36740121"
"1700930231_70351"," 0.0350743"," 0.2476614","-0.5257183","-0.1924466","-4.4413322"," 1.8098440","-0.8996895","11.8593398"," 2.1408931"," 2.7033311"," 2.4103534"," 1.7802148"," 2.4998428"," 1.7626386"," 1.3261989"," 1.2838860"," 0.4169234"," 1.5883481"," 0.6831844","-1.8433108","-0.3451949"
"1701046801_77654"," 0.03453751"," 0.55016964","-2.18792782","-0.99663605","-2.50062330","-0.16268667","-1.20149047","11.84695572"," 2.13806316"," 3.26799584"," 3.18791127"," 1.50648145"," 2.64889294"," 2.00849678"," 2.14406633"," 1.25325759"," 0.41672462"," 1.62003529"," 0.70525513","-0.32774748","-0.37011666"
"1703875158_95509"," 0.03487146","-1.14753214","-0.61597303","-0.31808851","-2.85655878"," 0.65363814","-1.18097737","13.09886060"," 2.14032890"," 2.98321689"," 4.80187283"," 2.23130386"," 2.79396883"," 1.86900780"," 2.18181780"," 1.20156495"," 0.41677972"," 1.65566459"," 0.69914108","-2.37781023","-0.36295027"
"1701060236_92795"," 0.03490885","-2.39090750"," 0.60403472"," 0.38242342","-3.87848748","-0.18158186"," 0.22345470","12.19657324"," 2.13845535"," 2.93857707"," 2.41118280"," 2.28741671"," 2.51950111"," 1.88462353"," 1.54241418"," 1.03469133"," 0.41680483"," 1.73437244"," 0.69741401","-0.75000870","-0.36661560"
"1703680610_66198"," 0.03481588","-1.01436421","-2.01081601"," 0.04266803","-2.96513251","-1.47558789","-0.92800358","12.04586567"," 2.13779225"," 2.99578264"," 3.39750163"," 1.90015964"," 2.60856431"," 2.04939331"," 2.17576102"," 1.33722153"," 0.41669308"," 1.89098216"," 0.70949422"," 0.58569034","-0.37743265"
"1702117396_46464"," 0.03473264"," 1.66221057"," 2.04682915","-2.14315819","-4.57886569","-1.91907865"," 0.10957114","15.00832827"," 2.13931874"," 2.69587094"," 3.95171708"," 1.95654406"," 2.83771350"," 2.07109391"," 1.91847184"," 1.16903435"," 0.41763883"," 1.85191945"," 0.72163578","-1.93920408","-0.38133490"
"1704091192_46883"," 0.03526846","-2.73253975"," 1.74312495"," 0.14911043","-1.45353553","-0.46794420","-1.96520753","13.51885863"," 2.13946187"," 3.30096926"," 5.02237310"," 2.37634024"," 2.69309458"," 2.30644161"," 2.38248669"," 1.40349148"," 0.41782098"," 1.86851130"," 0.71416150","-1.85413269","-0.37698481"
"1704009989_465"," 0.03448854"," 1.48307603"," 0.18831990","-0.99951592","-4.22412273","-1.02619032","-0.87754286","13.64457075"," 2.13799029"," 3.00292774"," 3.65618453"," 1.74505287"," 2.92790832"," 2.13202768"," 2.16184838"," 1.23121656"," 0.41702561"," 2.12809575"," 0.70932196","-1.29696240","-0.37307758"
"1703273015_56169"," 0.03488895","-4.18387864"," 0.41330097"," 2.29100237","-3.64020675","-0.82008504","-0.40211424","13.77758867"," 2.13737315"," 2.60492417"," 3.28995783"," 2.29388407"," 2.60232809"," 2.11840652"," 1.84920952"," 1.18942166"," 0.41739960"," 1.94956729"," 0.72381746","-1.87243155","-0.38560888"
"1703531485_91867"," 0.03520102"," 4.86113976"," 2.69649438","-3.82783500","-2.82466287","-0.69579767","-2.32476434","11.13404816"," 2.13882564"," 3.81971370"," 3.68730199"," 2.07406786"," 2.98526732"," 2.12164203"," 2.26364763"," 1.34547689"," 0.41658244"," 1.71335954"," 0.70330253"," 0.91217088","-0.36768849"
"1703904033_42655"," 0.03565620","-1.92472891"," 1.74788101"," 1.04081067","-4.40067078","-0.08684581","-0.54495144","12.84969653"," 2.14019719"," 2.78907927"," 3.29698352"," 2.36239760"," 2.30858609"," 1.88484912"," 1.75760947"," 1.24932297"," 0.41796520"," 1.84831485"," 0.70095795","-1.54337041","-0.36904868"
"1703605467_00189"," 0.03521687","-1.95008223"," 0.24997671"," 0.73433144","-3.60034660"," 1.54778516","-1.29060390","12.61914898"," 2.14155222"," 2.73093069"," 2.39013341"," 2.10820187"," 2.59362800"," 1.72994459"," 1.69527182"," 1.29094760"," 0.41712312"," 1.72961522"," 0.70240246","-2.60476841","-0.36018565"
"1702119199_0635"," 0.03497237"," 1.91795726","-2.31695686","-1.50789986","-2.27831653","-0.47748313","-0.76116450","13.73778597"," 2.13927086"," 2.77297349"," 3.80702007"," 1.35958544"," 2.79497550"," 2.09383504"," 2.25763360"," 1.14818796"," 0.41633189"," 1.73125662"," 0.69944955","-1.85571049","-0.36468408"
"1703929683_7626"," 0.03552174"," 3.14341804"," 1.12726336","-2.12716559","-4.33133273","-1.22158264","-0.77262856","12.67054289"," 2.13802530"," 2.93026636"," 3.51718367"," 1.72947948"," 2.82004884"," 2.03155841"," 1.96350085"," 1.18731722"," 0.41707155"," 1.85944555"," 0.71791511","-0.19851148","-0.37822992"
"1703767414_54177"," 0.03534722"," 3.63836499","-0.02534429","-3.02565279","-0.75167508","-0.80661540","-3.49639236","13.04621402"," 2.13951573"," 2.98512089"," 3.82682919"," 1.95477690"," 2.50184934"," 2.33852160"," 3.06478702"," 1.55693513"," 0.41638443"," 1.67908387"," 0.70699805","-0.91099896","-0.36984108"
"1703305847_09301"," 0.0351512","-0.7917850"," 1.3177041"," 0.1255701","-3.9707759","-0.3665948","-0.7286358","11.2441316"," 2.1382873"," 3.4819371"," 3.3848456"," 2.3938603"," 2.4468602"," 1.9071378"," 1.6562927"," 1.2872270"," 0.4167610"," 1.9572366"," 0.6991357"," 0.5129379","-0.3660658"
"1700838043_48774"," 0.0353744","-1.7121953","-0.6357692"," 1.2605332","-5.0516138"," 0.4014617","-0.3361316","13.8262752"," 2.1396139"," 2.5046838"," 3.4062264"," 1.9336310"," 2.1709964"," 1.7307765"," 1.4184992"," 1.1425133"," 0.4169071"," 1.7482644"," 0.7096680","-2.8945393","-0.3678182"
"1703285033_94559"," 0.03530088"," 1.11862907","-1.24068386","-1.04837374","-2.33465033","-0.31735425","-2.34029440","11.62196961"," 2.13924714"," 3.15839291"," 3.31983429"," 1.78983598"," 2.80098209"," 2.18012143"," 2.29732127"," 1.30838901"," 0.41623198"," 1.68750620"," 0.69265991"," 0.18648480","-0.35888946"
"1700873746_0922"," 0.03503496","-0.06165614"," 3.69107146","-0.16226383","-4.32511040","-2.93581326","-0.87751210","13.53697566"," 2.13743237"," 3.19249299"," 4.50277596"," 2.38071587"," 2.28986594"," 2.12400135"," 1.98801354"," 1.27775478"," 0.41724003"," 1.88636900"," 0.71849964"," 0.45423922","-0.38386403"
"1703163501_90925"," 0.03525901","-1.45772956"," 0.39364309"," 0.49604806","-3.31094157"," 0.71881274","-1.38438873","11.86351599"," 2.13914540"," 3.33831265"," 2.99668233"," 2.05333479"," 2.81028066"," 2.03434707"," 1.76450047"," 1.23185594"," 0.41656017"," 1.54243235"," 0.69483601","-1.01841429","-0.35759028"
"1702097881_52627"," 0.03548188"," 0.80106172","-0.73936061","-0.42183589","-2.02985187"," 0.14924712","-3.29034452","13.54379357"," 2.13874959"," 2.62425025"," 4.96829281"," 1.70724006"," 2.41662224"," 1.99360133"," 2.44850271"," 1.20701945"," 0.41657498"," 1.68687853"," 0.69654127","-2.28077253","-0.36387807"
"1703261796_52658"," 0.03532987"," 0.34716000","-0.39851613","-1.97107532","-3.21667426","-1.22639286"," 0.39623015","12.00565929"," 2.14067714"," 3.32660957"," 3.62908503"," 1.73960257"," 2.91521745"," 1.96229724"," 2.03877147"," 1.19511789"," 0.41741660"," 1.78279801"," 0.69236765"," 0.57269479","-0.36076248"
"1704078428_14732"," 0.03621862"," 0.27746059"," 0.80180726"," 0.01117499","-4.76871857"," 1.04732464","-0.91975884","12.25235013"," 2.14101253"," 2.82814160"," 2.68108394"," 1.88680713"," 2.13788249"," 1.69976601"," 1.40968046"," 1.07681700"," 0.41692910"," 1.63775383"," 0.69989319","-1.67031932","-0.35530000"
"1703328917_95593"," 0.03584431"," 1.09066624","-0.28978502","-1.23971877","-3.59125008"," 0.36705971","-0.81116735","10.93313748"," 2.14138292"," 3.75888171"," 2.41615279"," 1.96938096"," 2.85211789"," 1.83636064"," 2.01489275"," 1.22084287"," 0.41679448"," 1.38645718"," 0.69566305"," 0.36463411","-0.35374184"
"1703163503_28523"," 0.03569062"," 1.64764407"," 1.20006468","-2.16103847","-3.99373134"," 0.99010446","-0.50843106","11.58073426"," 2.14072638"," 3.46387549"," 2.60508149"," 2.28243179"," 2.92431054"," 1.97152276"," 1.98659658"," 1.17996999"," 0.41653839"," 1.70058169"," 0.69054013","-0.87993304","-0.35123527"
"1703247203_92061"," 0.03577325","-5.80775087","-0.10719358"," 1.56852019","-1.26203318","-3.81539666","-0.28167351","12.52440190"," 2.13703275"," 3.46217368"," 4.04661169"," 2.68046201"," 2.08734133"," 1.96803520"," 1.84214797"," 1.36830428"," 0.41737771"," 1.84001626"," 0.72093171"," 2.29086944","-0.38789041"
"1703448342_74484"," 0.03609431","-3.23730267","-0.47472514"," 1.04549997","-2.71807752","-0.73146242","-0.58665795","12.38799454"," 2.13946081"," 2.94830229"," 4.93617024"," 2.14185292"," 2.52671749"," 2.01632155"," 1.93103889"," 1.24841417"," 0.41698039"," 1.73662715"," 0.71149175","-0.45087020","-0.37461799"
"1703922638_64666"," 0.035367973"," 4.111967880","-0.621527142","-3.498571253","-0.007099959","-3.080670926","-2.782250885","14.196260899"," 2.139283701"," 3.312044217"," 3.188729549"," 1.820105553"," 2.616324874"," 2.041338622"," 3.834646012"," 1.502223750"," 0.416927652"," 1.641469881"," 0.705638597"," 0.219802626","-0.368956668"
"1703407932_09081"," 0.03613642"," 2.96053668"," 0.83879538","-2.18084763","-4.15945763","-2.72883330","-0.57491379","11.94396847"," 2.13977745"," 2.75126071"," 3.82935051"," 1.79873049"," 3.04310208"," 1.89831039"," 2.10755710"," 1.19165643"," 0.41713906"," 1.83875560"," 0.70568952"," 2.10817144","-0.36967603"
"1703384687_22188"," 0.03607846","-0.37771390","-0.20392987"," 0.37757581","-4.34417015"," 0.85976206","-0.91374845","11.44994533"," 2.14065946"," 3.27251057"," 2.22646100"," 2.12281095"," 2.37018319"," 1.53233358"," 1.46753854"," 1.16326511"," 0.41649451"," 1.61301453"," 0.69283687","-0.69711310","-0.35356173"
"1703826885_44471"," 0.03581642","-2.78405449","-2.17495810"," 1.73083434","-3.53013449"," 1.46553790","-1.31909446","12.67538379"," 2.13941001"," 2.83555644"," 3.21000140"," 1.85742081"," 2.55062747"," 1.78869960"," 1.85303293"," 1.20872865"," 0.41625789"," 1.55398384"," 0.69743366","-2.52628668","-0.35657694"
"1703365798_8301"," 0.03561557"," 2.03047156","-0.09211174","-1.05682195","-2.52615018"," 1.50450330","-3.02882519","13.45557160"," 2.14163872"," 2.78214467"," 3.98161114"," 1.69122528"," 2.29593344"," 1.78257932"," 2.08068569"," 1.11033926"," 0.41722114"," 1.47829370"," 0.69160198","-3.25569950","-0.35363743"
"1703488276_71149"," 0.03548308"," 1.07990323","-0.56504424","-1.55576073","-2.35712771","-0.31383082","-1.50582720","11.68469814"," 2.13882325"," 3.56627489"," 3.57415601"," 1.77369041"," 2.80103959"," 2.13936865"," 2.41196139"," 1.35180690"," 0.41675528"," 1.52745033"," 0.69488834"," 0.04260506","-0.36219576"
"1702058894_75035"," 0.03574428","-3.73445942","-0.22201034"," 2.47071514","-4.51765399"," 0.02811815"," 0.08462153","12.23513559"," 2.13866867"," 2.74484042"," 2.29657730"," 2.27869358"," 2.06039953"," 1.90400080"," 1.30571958"," 1.18480250"," 0.41705296"," 1.78894747"," 0.70268847","-0.95801332","-0.36752712"
"1703657637_5269"," 0.03615623","-2.35821219","-0.26601197","-0.02345823","-2.11597172","-0.55032792","-0.90121731","12.47455950"," 2.14080266"," 3.16945247"," 4.64539693"," 2.33559284"," 2.73070488"," 2.17145960"," 2.54261485"," 1.32638703"," 0.41717468"," 1.68548984"," 0.69379504","-0.56824537","-0.35974310"
"1703225247_85463"," 0.03567216"," 1.28657912"," 1.18663388","-1.84909933","-5.58250666","-0.45190506"," 1.03933364","12.69981672"," 2.14083318"," 3.08351264"," 2.22802008"," 1.97247472"," 2.54963768"," 2.00941913"," 1.56466202"," 1.19210470"," 0.41667423"," 1.79508730"," 0.69900317","-0.75346892","-0.35824156"
"1703565887_84497"," 0.03571521","-4.53264146"," 0.55588966"," 1.91441057","-3.61129192","-2.16871491"," 0.59307794","13.92753247"," 2.13885091"," 2.69801732"," 3.61943209"," 2.33666886"," 2.38818834"," 2.01166059"," 1.50892788"," 1.24666204"," 0.41776117"," 1.93189338"," 0.71829078","-0.70427553","-0.38310275"
"1703488847_45784"," 0.03706057"," 1.39125023"," 0.58271491","-2.55990416","-0.69605023","-1.07425872","-2.61615304","14.47428257"," 2.14252536"," 3.21935776"," 3.96746665"," 1.57735277"," 3.00412705"," 2.56662960"," 3.19377855"," 1.57917996"," 0.41938106"," 1.85339682"," 0.70214758","-1.92745203","-0.36198255"
"1703762466_46285"," 0.03616197","-4.06143692","-0.22386223"," 1.28525144","-3.33850013","-0.27321600"," 0.76349659","12.71341724"," 2.13997771"," 2.44410943"," 4.13208500"," 2.18657996"," 2.22751751"," 1.95283462"," 1.43893505"," 1.16312018"," 0.41699163"," 1.68805336"," 0.69811633","-1.09275747","-0.36242646"
"1703346852_85888"," 0.03641493","-0.87802740","-1.08073376","-0.90172046","-2.35244238","-1.16092035","-0.60602057","12.37105810"," 2.14183010"," 3.01447646"," 3.94176459"," 1.78448898"," 2.85243597"," 2.14233375"," 2.51512657"," 1.27624049"," 0.41887934"," 1.74639230"," 0.70051977"," 0.12359356","-0.36589941"
"1700855443_14355"," 0.0359413"," 0.7067215"," 2.4955414","-0.6036693","-3.1215040"," 0.9854493","-2.4515577","12.0179160"," 2.1399354"," 3.2496964"," 3.8805855"," 2.0251330"," 2.4964652"," 1.8928814"," 2.0936747"," 1.2079044"," 0.4165353"," 1.5126828"," 0.6923117","-1.3453643","-0.3545188"
"1703642260_8721"," 0.03664948"," 2.72327944"," 0.54000104","-2.37120634","-3.40686016","-0.45368075","-1.03729455","11.20374881"," 2.14302276"," 3.48826506"," 3.01308141"," 1.97221859"," 3.12737920"," 2.02745138"," 2.37193283"," 1.25284536"," 0.41889962"," 1.64721278"," 0.69554122"," 0.84873730","-0.35584771"
"1703805269_66301"," 0.03562109"," 3.78590386","-0.66578561","-1.71711165","-4.49683559","-0.80686400","-0.80481399","11.44078321"," 2.13905955"," 3.04355999"," 3.03441300"," 1.62848264"," 3.23240534"," 1.98370446"," 2.06591929"," 1.24513706"," 0.41660708"," 1.72740157"," 0.68573815"," 1.06787837","-0.35429601"
"1702136454_0307"," 0.03673915"," 1.55823038","-0.35468778","-0.13120591","-5.31119612"," 0.97349425","-0.72076044","11.59258337"," 2.14352984"," 3.06387639"," 2.25288994"," 1.68857033"," 1.91905185"," 1.53433297"," 1.27962992"," 1.10292412"," 0.41891519"," 1.53177235"," 0.68765789","-0.70879844","-0.34462939"
"1703388221_67018"," 0.03621061","-0.94954457","-1.44769672","-1.07252309","-2.47978631","-1.54245384","-0.02660987","12.10375862"," 2.13992813"," 3.28073849"," 4.00572107"," 1.89101535"," 2.62006172"," 1.98421915"," 2.09846841"," 1.31709812"," 0.41709471"," 1.76345709"," 0.70874460"," 0.66918852","-0.37237933"
"1703973825_04498"," 0.03658579","-0.50011930","-0.16397202","-0.07904663","-5.35558233","-0.67982816"," 0.83476714","13.61312845"," 2.14303636"," 3.12248684"," 1.99638206"," 2.17758216"," 2.23938090"," 1.99965518"," 1.82071242"," 1.18935722"," 0.41689458"," 2.02823245"," 0.68407664","-1.34716507","-0.34866749"
"1700910568_31375"," 0.03603626","-1.08925625","-0.31886189","-0.84309186","-2.53123976"," 0.44967422","-0.76876328","13.12121695"," 2.13896915"," 3.06094366"," 5.14216094"," 2.07171943"," 2.64421500"," 1.90183660"," 2.08749765"," 1.18336819"," 0.41688716"," 1.60114740"," 0.70686755","-2.20314988","-0.36781641"
"1703455371_05908"," 0.03659677","-3.32600283","-0.46599047"," 1.43301963","-3.76003970"," 0.04692230"," 0.06730177","12.34381806"," 2.14183129"," 3.00958153"," 2.68991107"," 2.43400426"," 2.46808273"," 1.84324456"," 1.82112905"," 1.17986181"," 0.41744880"," 1.85736620"," 0.69147601","-1.02269387","-0.35930948"
"1703623232_15708"," 0.03587731","-4.20537082"," 0.76166227"," 1.81578619","-3.81837030","-2.73888439"," 0.51554203","14.03143410"," 2.13846944"," 3.22501567"," 2.34150350"," 2.61221933"," 2.64248053"," 2.20382514"," 1.73230267"," 1.39703347"," 0.41681743"," 2.10020433"," 0.70674467","-0.16510460","-0.37621327"
"1703467051_50733"," 0.03654189"," 0.01453774","-1.50676718"," 0.09826027","-2.99085359"," 0.57792679","-2.06547054","13.15501217"," 2.14058034"," 3.07817087"," 4.70249728"," 1.90202103"," 2.69217803"," 1.95622424"," 2.19057773"," 1.21767698"," 0.41581495"," 1.74655951"," 0.69888129","-2.10541001","-0.35757518"
"1703497515_62014"," 0.03708486","-0.92506284"," 0.22363654"," 0.66280222","-4.68067567"," 1.26638301","-0.83890078","13.65012884"," 2.14232333"," 2.92408476"," 3.13116181"," 2.14399859"," 2.61439657"," 1.73353107"," 1.78867506"," 1.25225909"," 0.41639385"," 1.73010215"," 0.68957173","-3.25310131","-0.34976724"
"1703471115_12686"," 0.03714757"," 3.02605287"," 1.82782527","-2.91942023","-5.84518755","-0.20486143"," 0.77502335","11.98163493"," 2.14319484"," 3.23206919"," 2.47743902"," 2.13735970"," 2.84590507"," 1.94987476"," 1.61452138"," 1.10894553"," 0.41734418"," 1.82859231"," 0.70349729","-0.25058493","-0.35850241"
"1700873712_96781"," 0.03627530","-0.30118078","-1.03366163","-1.64394830","-0.09584717","-1.86633142","-2.43171867","14.42725167"," 2.13935121"," 3.83942652"," 4.42907412"," 2.13325822"," 2.42699703"," 2.34070149"," 2.73582456"," 1.38672791"," 0.41661676"," 1.89411405"," 0.71551016","-1.31645910","-0.37488923"
"1702098184_80069"," 0.03643358"," 0.63631426","-0.83447547","-1.25374617","-3.36927265"," 1.43237030","-0.65202430","11.23494806"," 2.14248982"," 2.85986740"," 3.00304013"," 1.66418256"," 2.63292067"," 1.89951784"," 2.27549428"," 1.16469258"," 0.41746450"," 1.49352634"," 0.67562808","-0.80624202","-0.34139384"
"1702058894_53782"," 0.03667592","-0.81887212","-1.75915914"," 0.46690675","-4.07197681"," 1.76514358","-1.26878658","14.02713016"," 2.14404258"," 2.56593946"," 4.47776789"," 1.51939620"," 2.60229469"," 1.47735638"," 1.69337843"," 1.26956656"," 0.41891578"," 1.60415716"," 0.69220157","-4.14276396","-0.35077319"
"1701004509_62743"," 0.03653191","-4.20934690"," 0.75660819"," 1.34341217","-1.96539363","-0.70238040","-1.00590393","12.43538383"," 2.13892627"," 3.03694562"," 4.82774673"," 2.20926600"," 2.58142488"," 2.12644474"," 2.13724892"," 1.30033006"," 0.41717488"," 1.74744171"," 0.71167992","-0.54448067","-0.37525572"
"1704113181_77667"," 0.03617682"," 3.67734507"," 1.80733659","-2.84719045","-3.16447731"," 0.38261464","-1.81308959","11.83260051"," 2.13976229"," 3.49155346"," 3.91674894"," 2.14177434"," 2.96012319"," 2.17689776"," 2.47598119"," 1.32308302"," 0.41653905"," 1.89269826"," 0.69798325","-0.57512417","-0.35775376"
"1700893064_97261"," 0.0364612"," 3.4183902"," 1.9581011","-3.5231918","-2.0867483","-0.1934831","-2.3791985","11.6061886"," 2.1397868"," 3.0120541"," 3.9584176"," 2.2305936"," 2.5999561"," 1.9480737"," 2.4335768"," 1.2101668"," 0.4176105"," 1.6548969"," 0.7076201","-0.1032844","-0.3700989"
"1703577938_84202"," 0.03732362","-4.06473926","-1.20824991"," 1.55458944","-2.58985268"," 0.57182749","-0.59609892","11.93259793"," 2.14185448"," 3.01699675"," 4.79830786"," 1.99515624"," 2.27078055"," 1.90608383"," 2.00582742"," 1.17573054"," 0.41735443"," 1.67943480"," 0.69407686","-1.07908238","-0.36034025"
"1703284539_65067"," 0.03800008","-0.01141369","-0.13760490"," 0.01061354","-5.12605300"," 0.36611360"," 0.39201852","11.40327705"," 2.14477970"," 3.19861069"," 1.71183423"," 2.08041387"," 2.10284422"," 1.75197552"," 1.84320003"," 1.16660607"," 0.41740171"," 1.78116630"," 0.68489996"," 0.02041079","-0.34345812"
"1703637831_69474"," 0.03674904"," 3.12656349","-0.90737513","-1.33363338","-2.48377739"," 1.29370876","-3.06314631","11.16952938"," 2.14112746"," 3.46225230"," 2.54227811"," 1.70523236"," 2.12834078"," 1.67503994"," 1.83002840"," 1.06737443"," 0.41628077"," 1.41050086"," 0.70039458","-0.51240554","-0.35180603"
"1702139276_07606"," 0.03625957","-0.28494468","-0.85529066"," 0.67646050","-3.70797820","-0.39406240","-1.81406157","13.20031067"," 2.14159494"," 3.06519142"," 4.50554483"," 1.79761923"," 2.54814869"," 2.07955470"," 1.99662541"," 1.16208247"," 0.41874357"," 1.79396976"," 0.70358647","-1.36285874","-0.36502955"
"1700966792_1903"," 0.03683826","-1.56503183","-1.42900112","-1.03182297","-0.13200419","-3.30172104","-2.11334434","13.45800680"," 2.14014109"," 3.69964581"," 3.32615183"," 1.87641008"," 2.59431417"," 1.98866631"," 3.05743174"," 1.54996052"," 0.41685364"," 1.55042026"," 0.70739710"," 1.16406683","-0.36821133"
"1703307322_07952"," 0.03674734"," 1.97457470","-1.91348044","-1.23605730","-0.88750335","-0.94510618","-3.73636491","12.24784115"," 2.14375591"," 3.51298383"," 2.50859835"," 1.56438479"," 2.49727268"," 2.53340622"," 2.62433676"," 1.56548810"," 0.41970463"," 1.44991320"," 0.69400626"," 0.26804618","-0.35647705"
"1703864505_81818"," 0.03686303","-0.72672542","-0.42706942"," 0.04174250","-3.46745491","-0.93158757","-0.70363972","11.23557539"," 2.14038690"," 3.77473427"," 2.32665892"," 2.07056422"," 2.68282194"," 2.04319704"," 1.81199102"," 1.23231711"," 0.41649202"," 1.74896093"," 0.69246821"," 1.26658994","-0.35806536"
"1703812621_90883"," 0.03726167","-2.24919552","-1.19805486","-0.37046327"," 0.17335104","-2.48856076","-2.51218580","13.85037534"," 2.13943324"," 3.98057969"," 3.80884556"," 2.27267212"," 2.52398732"," 2.25569594"," 2.40732341"," 1.73708616"," 0.41709638"," 1.65233943"," 0.70647890","-0.03923942","-0.36854271"
"1703804863_99727"," 0.03656679"," 0.49725360","-2.29682153","-0.29304054","-3.19180487"," 1.50101797","-1.26791304","12.42665728"," 2.14087346"," 3.45644219"," 3.83545928"," 1.64444480"," 2.72308750"," 2.15624030"," 1.96897016"," 1.20447788"," 0.41598982"," 1.51853612"," 0.67322085","-1.92092581","-0.33803603"
"1703450747_35569"," 0.0369942","-1.8334476","-1.0206927"," 0.8039647","-2.4335526","-0.1031852","-1.6839913","11.1253193"," 2.1401897"," 4.1708559"," 3.0120364"," 2.3988468"," 2.4620476"," 2.2799727"," 1.9242312"," 1.3690439"," 0.4164488"," 1.6689478"," 0.6952695"," 0.6326086","-0.3576127"
"1703163501_90068"," 0.03699727"," 0.65758057","-0.50004233","-1.77122978","-3.78927750","-0.59083459"," 0.43640360","11.10468360"," 2.14187661"," 3.51537861"," 3.07894878"," 1.92629623"," 2.96023741"," 1.75883368"," 1.75119762"," 1.16250928"," 0.41700254"," 1.72245918"," 0.69216135"," 1.01539553","-0.35449245"
"1704044871_01412"," 0.03759393","-0.85892006","-0.40611395"," 0.56987322","-4.70018371"," 0.72025344"," 0.08292491","11.09789367"," 2.14074644"," 3.28443607"," 1.36889215"," 2.05199634"," 2.20742938"," 1.81744452"," 1.68288657"," 1.19210059"," 0.41658805"," 1.89303170"," 0.68140454"," 0.10104647","-0.34088590"
"1703554211_3951"," 0.03778989"," 1.98298274"," 0.44183313","-1.18162502","-3.74033712","-0.95934858","-0.99788276","13.41216256"," 2.14269029"," 3.46506910"," 4.08266450"," 1.86555209"," 3.01637630"," 2.03958711"," 2.44723624"," 1.31972170"," 0.41696240"," 1.95495550"," 0.70308561","-0.79213802","-0.35841262"
"1700838043_46367"," 0.03716852"," 1.03614590"," 1.28679232","-0.45050297","-3.70896313"," 1.08081833","-1.82470649","13.21365310"," 2.14213698"," 3.45912984"," 3.51525230"," 2.05401341"," 2.58190510"," 1.67665314"," 1.86804371"," 1.10444009"," 0.41642221"," 1.71258570"," 0.69546341","-2.55279457","-0.35228226"
"1703264962_52344"," 0.03733013","-1.37909672","-0.79818593","-0.41661297","-0.92149981","-1.15056575","-2.37439941","12.93842625"," 2.14164167"," 3.84440161"," 4.73763362"," 1.84068110"," 2.59276325"," 2.48502145"," 2.32467086"," 1.53054052"," 0.41927777"," 1.68191456"," 0.69516051","-0.41880526","-0.36261305"
"1703719296_51286"," 0.03759189","-0.62188190","-2.11259946"," 0.15402365","-2.68191319","-0.06784460","-1.52944190","12.55830477"," 2.14244647"," 3.53938553"," 3.51834616"," 1.89958123"," 2.92388987"," 2.29951471"," 2.25729359"," 1.35396513"," 0.41716027"," 1.83044964"," 0.69986944","-0.86507898","-0.35779114"
"1703737607_27263"," 0.03810498"," 2.36775009","-1.02647341","-1.35165867","-0.56227397","-0.73544224","-4.02349818","14.37286510"," 2.14444214"," 3.72783239"," 3.50962853"," 1.81875663"," 2.78736187"," 2.78287723"," 2.48641422"," 1.40246850"," 0.41690269"," 1.92113687"," 0.68641448","-1.80765184","-0.34625792"
"1703243678_25961"," 0.03809176"," 0.61773712"," 1.46799911","-2.88058422","-1.95346579"," 0.34588119","-0.75344191","11.48111739"," 2.14279377"," 3.94756508"," 2.73073055"," 2.51698290"," 2.03405168"," 2.09050880"," 2.70987004"," 1.27600103"," 0.41850796"," 1.62847837"," 0.69663535","-0.25995719","-0.35665500"
"1703183758_23913"," 0.03933604"," 3.15936566"," 0.96535907","-2.53193725","-5.14129971"," 2.48588020"," 0.16823112","11.88447375"," 2.14870714"," 2.66574928"," 2.59324315"," 1.82518867"," 3.08236701"," 2.48066067"," 2.22485402"," 1.12044445"," 0.41942477"," 1.65951932"," 0.66923482","-1.79992162","-0.32080132"
"1702077820_23847"," 0.03778107","-3.85548396","-0.31027723"," 1.93345299","-3.55636556","-0.94307231"," 0.13203464","12.95994206"," 2.14165032"," 3.25578045"," 3.32460445"," 2.07322018"," 2.58465663"," 1.91741143"," 2.00752565"," 1.23581131"," 0.41724069"," 1.79476253"," 0.69570561","-0.64024953","-0.36278821"
"1703430680_69357"," 0.03826242"," 0.57330802","-0.41158906","-1.40557742","-4.58897135"," 0.28329218"," 1.10063374","12.33212954"," 2.14514441"," 3.44423271"," 2.86890943"," 1.80254817"," 3.13584031"," 1.89821574"," 2.34110207"," 1.07758978"," 0.41814755"," 1.70633581"," 0.69006019","-0.69145000","-0.34146258"
"1703404714_10515"," 0.03895263"," 2.54600390"," 0.95559683","-0.77747187","-4.18056057"," 1.74232389","-1.99470926","12.79990311"," 2.14048910"," 2.89711100"," 3.25467323"," 1.65560209"," 2.29603296"," 1.62261998"," 1.76142638"," 1.11900724"," 0.41572149"," 1.62084203"," 0.68468836","-2.45629386","-0.33968912"
"1703678383_17931"," 0.03925361"," 1.31137621"," 1.49001638","-1.49087465","-5.51111641"," 0.42853160"," 0.65622503","12.08635228"," 2.14517493"," 3.08622014"," 2.25723926"," 2.07305305"," 2.38559231"," 2.00496148"," 1.95545511"," 1.10823903"," 0.41876531"," 1.76983709"," 0.68908549","-0.64189401","-0.34172433"
"1703509609_73627"," 0.03830307"," 2.63165579","-0.89834439","-1.42467031","-1.68370580"," 0.90251014","-3.14404332","13.01330992"," 2.14393956"," 3.29745087"," 3.94299801"," 1.81485095"," 2.61667203"," 2.58809197"," 2.15250523"," 1.30664917"," 0.41701795"," 1.57844482"," 0.68565209","-1.92470826","-0.34390920"
"1701009450_44574"," 0.03849036"," 3.88093628"," 1.82295036","-3.56852821","-4.09337182","-0.97065041","-0.08594027","11.52276409"," 2.14241076"," 3.57971507"," 3.06676696"," 2.23665451"," 3.26855939"," 1.98462201"," 2.72453055"," 1.25924034"," 0.41679457"," 1.83768076"," 0.69710608"," 1.06028188","-0.35647527"
"1700855614_26661"," 0.03859745"," 1.83084042","-0.12562577","-0.33882000","-4.49993015"," 0.79754262","-0.99769412","11.94779244"," 2.14309623"," 3.67694826"," 2.82838543"," 2.29907079"," 2.28959028"," 1.94751758"," 1.55468231"," 1.26839997"," 0.41685194"," 2.16521928"," 0.68916442","-0.69463011","-0.34392940"
"1703476786_42801"," 0.03857544"," 0.29347887","-1.13503198"," 0.26298841","-4.79695854","-2.45659834"," 0.18754086","12.40321478"," 2.14359127"," 3.86056978"," 2.43202978"," 1.88542361"," 2.45210145"," 1.97140601"," 2.01333460"," 1.07154668"," 0.41909377"," 1.80196395"," 0.68882274"," 1.93868151","-0.34790716"
"1703365002_12966"," 0.03832709","-2.02115721","-1.60390089"," 0.94004946","-2.38710695"," 1.35264061","-1.80476732","11.88554055"," 2.14478568"," 3.66851053"," 2.34902993"," 1.92380026"," 2.60828709"," 2.84764304"," 2.16812809"," 1.32885934"," 0.41900214"," 1.55036322"," 0.68146214","-1.15878562","-0.34123706"
"1703547657_05082"," 0.03936372"," 1.51388338"," 1.50300700"," 0.07562507","-4.30547075","-2.33352410","-1.86126073","12.22892872"," 2.14181803"," 2.90472721"," 3.94809921"," 1.80908544"," 2.11976249"," 1.93736204"," 1.91096177"," 1.15746506"," 0.41679714"," 1.92660488"," 0.70616227"," 1.67059981","-0.36196713"
"1704026266_04702"," 0.03988192","-0.88141178"," 0.05036659"," 0.08236833","-5.26605164"," 1.49960771"," 1.17299984","11.95284323"," 2.14600395"," 3.20782144"," 1.23445655"," 2.11144217"," 2.31846858"," 2.25795107"," 2.00609899"," 1.12782999"," 0.41698579"," 1.70950081"," 0.67703425","-1.16150905","-0.32690795"
"1703995217_99421"," 0.0392573","-1.4449966","-0.6025042"," 0.2759291","-3.7862519"," 2.2808934","-0.4156518","12.7343588"," 2.1467549"," 2.6035206"," 3.8027813"," 1.9302905"," 2.6827296"," 2.3997833"," 2.0227660"," 1.0727236"," 0.4194649"," 1.6203766"," 0.6731636","-2.7772248","-0.3318631"
"1704049312_77896"," 0.03914312"," 0.88957356"," 0.24525798","-2.60769580","-1.78124670","-0.12310060","-0.99097392","11.94121299"," 2.14148979"," 3.54801599"," 3.13198432"," 2.09358402"," 2.61837451"," 2.30323552"," 2.99674695"," 1.29331854"," 0.41701647"," 1.60043902"," 0.69349001","-0.23048166","-0.35499146"
"1703228289_21572"," 0.03864643","-1.96315804","-2.13568128"," 1.89200202","-1.94991031","-1.53963426","-3.33702410","13.82189165"," 2.14128570"," 3.11150152"," 5.37887848"," 2.00123199"," 2.59261351"," 2.30036088"," 2.25563348"," 1.29080394"," 0.41832008"," 1.91609977"," 0.70403861","-0.92082052","-0.36787273"
"1703528760_44561"," 0.03959378"," 1.52088793","-2.26884941","-0.75715159","-2.27944139","-0.30461728","-1.63176900","11.62985057"," 2.14408679"," 4.16401558"," 2.52037572"," 1.66489765"," 2.78789524"," 2.49134920"," 2.52688608"," 1.46073231"," 0.41749344"," 1.79036315"," 0.69171384"," 0.74231209","-0.34719685"
"1703616077_70402"," 0.03895571"," 1.38325869"," 0.74919500","-1.82175536","-2.13510748","-1.89735844","-1.68049553","12.36601689"," 2.14162407"," 4.45200813"," 3.62698921"," 2.20736694"," 3.32649895"," 2.38448114"," 3.00765267"," 1.53042830"," 0.41620690"," 1.94504418"," 0.70366682"," 1.10353940","-0.36175110"
"1703345278_43801"," 0.03968894"," 1.60319008","-2.00863340","-0.46131903","-2.34593429"," 1.42008897","-2.78879316","11.69557659"," 2.14579619"," 3.49637567"," 2.69046250"," 1.67169582"," 2.26309326"," 2.17179585"," 1.88784503"," 1.18712894"," 0.41851894"," 1.49085961"," 0.69295538","-0.98280561","-0.34363917"
"1703184244_28967"," 0.039954640","-1.887488035","-1.102465131"," 2.130263962","-4.080468787"," 0.002802598","-0.826727175","11.391950250"," 2.143293334"," 3.345509681"," 1.915109416"," 2.054413134"," 2.118049989"," 1.830709787"," 1.649083340"," 1.169131780"," 0.416566022"," 1.741025636"," 0.693676013"," 0.563616948","-0.346037705"
"1703252421_91091"," 0.040307850"," 0.573546970","-0.793147480","-1.143780505","-3.708652291"," 1.427955066","-0.000959757","14.000665262"," 2.147421940"," 3.170043735"," 4.282834366"," 1.849851855"," 3.499273030"," 2.564585935"," 2.508590568"," 1.212214994"," 0.417326935"," 1.658186674"," 0.669096925","-3.185080782","-0.326145712"
"1703368041_99506"," 0.04014651","-3.49047105","-0.13620473"," 1.83546403","-3.36963351"," 2.33775436","-0.70506636","12.55033794"," 2.14401442"," 2.54192582"," 2.56969035"," 2.18231966"," 2.47901723"," 2.53319459"," 2.15299625"," 1.27122042"," 0.41611002"," 1.57827892"," 0.68424992","-2.57720888","-0.33452704"
"1703784090_7541"," 0.04020081"," 3.99097686","-2.12306101","-0.66294572","-3.16576958","-0.05286131","-2.23898047","12.24158874"," 2.14198241"," 3.36261476"," 3.44868729"," 1.36483742"," 2.51989593"," 1.94398584"," 2.08392341"," 1.24316563"," 0.41610900"," 2.07347453"," 0.68975708"," 0.15304028","-0.34154353"
"1703203138_80194"," 0.04034539","-0.13325287"," 0.05815775"," 0.19472333","-5.25242619"," 1.35291684"," 0.38880515","12.75766326"," 2.14581684"," 3.72312005"," 2.33472875"," 2.24022415"," 2.40404295"," 2.15739352"," 2.16392445"," 1.13881918"," 0.41629254"," 1.78905334"," 0.67208620","-1.72739340","-0.32580626"
"1700929984_06162"," 0.04090889","-2.72719748","-6.01928371"," 0.65653965","-2.64453637"," 1.42028865","-0.39650257","14.12168889"," 2.14548626"," 2.43695742"," 7.76353045"," 1.69726741"," 2.72009950"," 2.23274478"," 2.30867314"," 1.16359923"," 0.41700323"," 1.56768230"," 0.68326247","-3.70139088","-0.34307397"
"1701026921_22845"," 0.04177574","-0.11588379","-1.12256507","-0.95884159","-3.60967757"," 0.73174560"," 0.56200348","11.98074898"," 2.15209330"," 3.54997204"," 3.55018751"," 1.80959041"," 2.98008350"," 2.23493762"," 2.59438074"," 1.24517165"," 0.42384267"," 1.78107686"," 0.68088096","-0.60759510","-0.33345763"
"1703557428_89415"," 0.0404431"," 0.8839484"," 1.0900018"," 0.7964568","-2.8694865","-0.2085398","-3.2277996","13.7203407"," 2.1446951"," 3.4626760"," 5.3380685"," 1.9498121"," 2.3856214"," 2.0830383"," 2.1055968"," 1.2133407"," 0.4169934"," 2.0093337"," 0.6881047","-1.5076159","-0.3445980"
"1703516867_15072"," 0.04136844"," 0.91227699","-1.43474880"," 0.24321255","-2.98449685","-0.57658648","-2.21943150","12.97924822"," 2.14641127"," 3.56721359"," 4.13558632"," 1.98226499"," 2.89608758"," 2.25802400"," 2.27442546"," 1.30268049"," 0.41860350"," 1.91087093"," 0.69543972","-0.47057435","-0.34633974"
"1703845641_25802"," 0.04176167","-1.66017868"," 0.02590900"," 0.41726868","-0.94546697","-0.94496589","-2.78714272","13.00666498"," 2.15043402"," 4.53584016"," 3.66439633"," 2.43610873"," 2.70976179"," 2.72106748"," 2.21581831"," 1.59730595"," 0.42423144"," 1.73329413"," 0.69027665","-0.28670150","-0.34861071"
"1703787960_85747"," 0.0408534"," 4.2680578"," 1.4142540","-1.7993653","-1.6483251","-1.8035593","-3.9298568","13.5180351"," 2.1445486"," 3.2040382"," 5.0826467"," 1.9704841"," 2.7954760"," 2.4453905"," 2.6546859"," 1.4532014"," 0.4172069"," 2.0041630"," 0.6778646"," 0.2660450","-0.3406271"
"1703761596_98017"," 0.04184635"," 3.65040063"," 1.12024394","-1.14188403","-5.36523098"," 1.59653394","-0.81293476","12.20148129"," 2.15096888"," 3.40858036"," 2.86511683"," 1.80825552"," 1.87904991"," 1.61484012"," 1.41948675"," 1.12722827"," 0.42071976"," 1.71046640"," 0.67590340","-1.37531713","-0.32631537"
"1703677055_8499"," 0.04175091","-1.82827047","-0.75763381"," 2.26478025","-4.97437812"," 0.28395765","-0.10709223","12.82455878"," 2.14940848"," 3.47063465"," 1.34307220"," 2.06854793"," 1.68825326"," 1.84091162"," 1.87171760"," 1.08107226"," 0.42080404"," 1.82274214"," 0.67373205","-0.95762556","-0.33023273"
"1703326325_86931"," 0.04129913","-0.49862062","-0.42326883","-1.11754860","-3.25602357","-1.48689604"," 0.78488662","13.82010115"," 2.14486234"," 3.99321683"," 3.60414605"," 1.80017481"," 3.51250218"," 2.04232890"," 2.80922891"," 1.19235547"," 0.41669041"," 1.77005919"," 0.68925904","-0.50072943","-0.34412540"
"1703385816_46187"," 0.04427857"," 2.18731854","-0.42439349"," 0.03399895","-4.16251509"," 0.69418127","-1.39560933","11.10003304"," 2.14552974"," 4.00860880"," 2.43940947"," 2.30961152"," 2.36489874"," 2.28295817"," 1.60005787"," 1.31012589"," 0.41597781"," 2.18714318"," 0.68564961"," 1.01521154","-0.32876999"
"1703719009_09901"," 0.04340852"," 3.97669227"," 0.08134358","-1.99638022","-6.03146944"," 1.88658587"," 1.09361058","10.72194668"," 2.15429842"," 3.64465633"," 1.66857567"," 1.73105170"," 3.18173771"," 2.73148599"," 2.66126187"," 1.26837339"," 0.41972245"," 1.82147505"," 0.66529308"," 0.65149807","-0.30809988"
"1703853276_59473"," 0.0421980"," 0.1873781","-0.9147731"," 0.6843600","-2.5454909","-0.1609717","-2.0905672","11.7381645"," 2.1467307"," 4.7964384"," 1.9761947"," 2.3371854"," 2.7836111"," 2.6020763"," 2.2752505"," 1.4083969"," 0.4162956"," 1.7061948"," 0.6791548"," 0.9763046","-0.3309167"
"1703583071_83474"," 0.04184084"," 4.43716905"," 0.23669416","-1.64939976","-1.66016963","-0.42698844","-3.73719690","13.50604523"," 2.14447332"," 3.26055523"," 4.76023288"," 1.83205397"," 2.95318327"," 2.56007288"," 2.66126871"," 1.48484729"," 0.41625984"," 1.83079370"," 0.68027365","-0.80520770","-0.33693880"
"1703597407_43316"," 0.0429794"," 6.5458363"," 5.8170214","-4.1512598","-3.5621210"," 1.0133366","-2.1209127","11.1845310"," 2.1466377"," 3.9980334"," 4.5190281"," 2.0068660"," 2.4879412"," 2.0349560"," 1.8542323"," 1.2251972"," 0.4165719"," 1.7331841"," 0.6802676"," 0.2058424","-0.3276685"
"1703510123_6796"," 0.04437043"," 2.52672217","-1.70375692","-2.05102378","-3.14252316","-0.34352299"," 1.23097868","12.13768727"," 2.15088564"," 3.74819025"," 2.91415573"," 1.16125319"," 3.14183594"," 2.00816614"," 3.07126081"," 1.30924337"," 0.41911692"," 1.75568754"," 0.67562540"," 0.57000975","-0.32397969"
"1704068186_53475"," 0.04347506"," 1.02592126","-0.43578906"," 0.13645826","-3.67969963","-0.41551930","-1.13029108","13.21643135"," 2.14628043"," 4.36568183"," 4.36889847"," 1.99790062"," 2.96477769"," 2.34331759"," 2.32885729"," 1.28907467"," 0.41683290"," 1.93505481"," 0.68726120","-0.39049012","-0.33672387"
"1703986446_16864"," 0.04460886"," 0.45897451"," 2.37766584"," 0.84727311","-3.06895583"," 0.25011436","-2.71868682","12.79548518"," 2.15061274"," 3.49924519"," 5.01624124"," 2.01007879"," 2.40809782"," 2.08587390"," 1.91709758"," 1.25600177"," 0.42015321"," 1.87679100"," 0.68307339","-0.82158619","-0.33389404"
"1703949028_17503"," 0.04363983"," 0.63108276","-0.19129612","-0.55806711","-4.58756559"," 0.32172372"," 1.09689768","12.32229734"," 2.14890686"," 4.44064132"," 2.58912701"," 2.16400488"," 2.84463264"," 2.44366944"," 2.86465611"," 1.28112569"," 0.41698929"," 2.06400073"," 0.68415981"," 0.13195756","-0.32186434"
"1700948763_85761"," 0.0450845","-4.5958142","-0.2375414"," 2.0421649","-3.2941341"," 0.8680777"," 1.2616195","12.6543288"," 2.1517070"," 3.1534940"," 4.8192354"," 2.3920125"," 2.4073920"," 2.2268063"," 2.6827172"," 1.1390495"," 0.4194481"," 1.8630467"," 0.6680338","-1.1663755","-0.3205857"
"1703203497_91616"," 0.04615249"," 4.78455449","-2.24796916","-0.51271600","-4.10755326"," 1.02359816","-1.04493478","11.32089814"," 2.15152608"," 3.96298085"," 2.54853015"," 1.53764041"," 2.89982617"," 2.61395673"," 2.38516657"," 1.38146851"," 0.41865142"," 2.15559382"," 0.67259817"," 1.26067769","-0.31418383"
"1703537589_87021"," 0.04566742"," 1.11358851","-1.16071588"," 0.97510410","-4.35024203"," 0.95982726","-1.13762407","11.52141652"," 2.14993353"," 3.83916653"," 2.21340149"," 2.11989709"," 2.19722736"," 1.89253507"," 1.60004750"," 1.24265468"," 0.41771649"," 2.04225591"," 0.66409590"," 0.40800825","-0.31209165"
"1704007579_01496"," 0.04545886","-1.19412932","-2.98219495"," 1.95536634","-2.93248187"," 0.36638025","-2.20911455","13.41946589"," 2.14774837"," 4.13484986"," 2.37247359"," 1.82619872"," 2.71610078"," 2.26178832"," 1.95125465"," 1.16156023"," 0.41862045"," 1.82387527"," 0.68335301","-1.40142713","-0.33206583"
"1703203822_85513"," 0.04681394"," 2.32210249"," 0.01150091","-0.03025335","-1.46715537","-2.14006500","-3.62237839","13.46818554"," 2.14963960"," 4.64815393"," 4.36821965"," 2.15463318"," 3.08576321"," 2.63647508"," 2.42845097"," 1.55790240"," 0.41863171"," 2.03659313"," 0.66317803"," 1.64210078","-0.31798896"
"1703943821_61821"," 0.04516241"," 0.69205010","-1.22130821"," 1.02288050","-4.90729133","-1.56419990","-0.00137523","13.13611496"," 2.14791308"," 4.17251995"," 2.34758625"," 2.17855254"," 1.85360693"," 2.06544784"," 2.20905321"," 1.20299650"," 0.41775766"," 2.24938433"," 0.67738938"," 0.98777365","-0.32802095"
"1703738633_88415"," 0.04628044"," 5.95651791"," 3.40151755","-4.09429629","-6.09706621"," 1.59552685"," 1.09695775","12.55042310"," 2.15784076"," 3.27525473"," 3.58797486"," 1.98901404"," 3.10361109"," 2.40423376"," 2.76643679"," 1.18279602"," 0.42205305"," 2.05710405"," 0.65280149","-1.06655786","-0.29881780"
"1703899371_01008"," 0.04593103"," 2.31474380"," 0.84225679","-0.12436684","-3.86183930"," 0.85711251","-1.29326067","11.34804016"," 2.14811478"," 4.73728533"," 3.46781316"," 2.15137774"," 2.38296027"," 2.31600359"," 2.08192734"," 1.31480998"," 0.41634140"," 2.09953007"," 0.67037967"," 0.97991128","-0.31586274"
"1703408277_54315"," 0.04592798"," 2.82449603","-3.38835626"," 0.04471360","-2.82063425"," 0.48967437","-2.29359732","12.78115107"," 2.14727537"," 3.65106781"," 2.82169688"," 1.50330348"," 2.74281036"," 2.39064786"," 2.32279172"," 1.29117476"," 0.41864649"," 1.85629165"," 0.67314381","-0.46109746","-0.32379759"
"1703305535_30053"," 0.04682525"," 5.81039672","-1.88292595","-1.04555605","-3.31108693","-0.78161998","-1.06282251","12.77181984"," 2.15409746"," 4.11517794"," 3.85055669"," 1.62775464"," 3.33052952"," 2.46084044"," 2.92081745"," 1.32305930"," 0.41974654"," 1.99024052"," 0.66812095"," 1.32590226","-0.31486265"
"1701039380_50744"," 0.0477606"," 3.0309588","-1.9944978"," 0.7080925","-3.9127274"," 0.2760957","-1.7958758","11.3291081"," 2.1517685"," 4.2030617"," 2.0575551"," 1.8362332"," 2.1474692"," 2.0912138"," 1.6435131"," 1.1244017"," 0.4198019"," 1.9923648"," 0.6663038"," 1.9392182","-0.3065703"
"1703593621_8662"," 0.04706158"," 4.40138651","-1.39680326"," 0.25038185","-4.72546410"," 0.78157500","-1.51240225","13.12669639"," 2.15146557"," 3.60410123"," 3.30576128"," 1.52304439"," 1.91860416"," 2.09451380"," 1.68063729"," 1.17168536"," 0.41848081"," 2.18107699"," 0.66689961","-0.35448526","-0.30681952"
"1703228381_57815"," 0.04764996"," 5.41458417","-0.74638231","-0.55933382","-4.27027062"," 1.38427127","-1.47557770","11.63584506"," 2.15362507"," 4.04769814"," 3.07579424"," 1.87732387"," 2.53025138"," 2.57768548"," 1.96403604"," 1.24532475"," 0.42142843"," 2.14340220"," 0.65864097"," 0.80685545","-0.30282669"
"1700989820_30199"," 0.04742355"," 0.92534804","-0.81460495"," 1.45993332","-4.72123805"," 1.62130972","-0.75695882","12.25150856"," 2.14759085"," 4.29504203"," 1.80757103"," 2.25198104"," 2.02222770"," 2.42981464"," 1.93941011"," 1.19612043"," 0.41559847"," 2.21838430"," 0.67216762","-0.46505997","-0.31096971"
"1700968094_45382"," 0.04896073"," 6.92373733"," 1.94381451","-1.77687979","-3.64305783"," 1.15785756","-2.25987352","12.98888751"," 2.15208386"," 3.82208052"," 4.88227260"," 2.24906362"," 2.97281643"," 2.70632065"," 2.04415380"," 1.40572219"," 0.41790525"," 2.18427241"," 0.66916007","-0.45373349","-0.30780895"
"1703895225_22992"," 0.05058576"," 3.20044494","-0.76386310","-0.21470588","-3.83020289"," 1.14640651","-0.36796264","10.77920177"," 2.15511084"," 4.87682933"," 1.75594020"," 2.45217554"," 2.74736063"," 3.01410681"," 3.00500259"," 1.54056069"," 0.41912347"," 2.47273513"," 0.66667222"," 2.33508369","-0.30083773"
"1703781413_89073"," 0.05121356","-0.11439884","-0.62944864"," 0.83102650","-4.35863127"," 0.74239432"," 0.83673885","11.46847514"," 2.15603357"," 4.11957657"," 2.00518473"," 2.02120259"," 2.14647902"," 2.32633551"," 2.66780314"," 1.28313277"," 0.42014629"," 2.16666145"," 0.66870584"," 1.11976553","-0.30357855"
"1700910762_168"," 0.05146523"," 1.41101988"," 0.93404190"," 2.18780906","-4.52649758"," 0.15512549","-1.75709673","12.75703239"," 2.15201246"," 3.61568993"," 3.39712934"," 2.01527285"," 1.46924757"," 1.93623837"," 1.51898528"," 1.14487883"," 0.41695391"," 2.15199184"," 0.65359543"," 0.68198101","-0.29667007"
"1703424751_1431"," 0.05656734"," 6.62212918"," 3.56487931","-0.58860411","-3.56056571","-0.53857323","-2.69712063","12.24347567"," 2.16223312"," 3.61499873"," 5.08253799"," 2.04054884"," 1.93028487"," 2.10701884"," 1.75201051"," 1.12520486"," 0.42092435"," 2.25308017"," 0.63634567"," 3.11453873","-0.27055631"
