"X","se_run_1700838044_72516","se_run_1700874790_04127","se_run_1700912719_49373","se_run_1700952806_63357","se_run_1700993838_5818","se_run_1701031557_70982","se_run_1700838044_73318","se_run_1700875268_66656","se_run_1700915211_34287","se_run_1700955884_43193","se_run_1700999539_47222","se_run_1701035005_32203","se_run_1702059636_30365","se_run_1702099240_55893","se_run_1702140237_70958","se_run_1702180755_12905","se_run_1702222958_00085","se_run_1703162690_76417","se_run_1703206036_79362","se_run_1703243481_30393","se_run_1703281468_71079","se_run_1703319487_87078","se_run_1703162690_77839","se_run_1703214461_94854","se_run_1703255365_8632","se_run_1703291768_75379","se_run_1703335030_06916","se_run_1703358660_24805","se_run_1703398264_83852","se_run_1703438547_11381","se_run_1703478568_41519","se_run_1703517126_2864","se_run_1703375851_51596","se_run_1703416152_67538","se_run_1703455947_87625","se_run_1703495204_4147","se_run_1703540029_62867","se_run_1703574428_03973","se_run_1703631287_94513","se_run_1703668918_42529","se_run_1703717575_90501","se_run_1703760708_73053","se_run_1703581421_7293","se_run_1703622749_22023","se_run_1703673579_74266","se_run_1703714097_9238","se_run_1703752387_62281","se_run_1703793486_09125","se_run_1703836088_05549","se_run_1703877195_60538","se_run_1703917771_23488","se_run_1703957768_40017","se_run_1703799922_6035","se_run_1703844077_32421","se_run_1703885318_88291","se_run_1703923193_50425","se_run_1703961893_29635","se_run_1703997833_91412","se_run_1704038066_62683","se_run_1704076255_36942","se_run_1704114902_6166","se_run_1704159400_33307","se_run_1704002042_0229","se_run_1704040043_74624","se_run_1704081806_9851","se_run_1704119821_12796","se_run_1704159098_54284","se_run_1706204593_4499","se_run_1706243968_21786","se_run_1706284257_93064","se_run_1706325430_78517","se_run_1706366294_33494","se_run_1706403760_1143","se_run_1706444587_13499","se_run_1706425184_18316","se_run_1706467861_03251","se_run_1706425184_25348","se_run_1706472938_66216","se_run_1706425184_06588","se_run_1706461821_98187","se_run_1706425184_18528","se_run_1706469604_65286","se_run_1706425184_07161","se_run_1706470340_33351","se_run_1706425185_71671","se_run_1706469876_37715","se_run_1706425245_78237","se_run_1706469420_51208","se_run_1706425274_49509","se_run_1706459121_95176"
"a",6.22471762898811e-05,6.31086988780518e-05,6.83548679842651e-05,6.21428326556317e-05,6.20805897788677e-05,5.82167617528074e-05,6.04233479206087e-05,5.92685404376285e-05,6.14229136436853e-05,6.79187261488687e-05,6.05671168458541e-05,6.26724317515906e-05,6.00554501016004e-05,6.09455936241372e-05,6.27462092817343e-05,6.93595277787368e-05,6.13817424343719e-05,7.61607847716623e-05,5.91727251759635e-05,5.99031810266178e-05,5.8367820509285e-05,6.31515872633373e-05,0.00010149656249125,0.000164918272517524,6.07673399564226e-05,6.21985998591363e-05,6.26234425212475e-05,6.52509736663718e-05,6.04640962670485e-05,5.78103061322045e-05,8.67583194893388e-05,0.00015653848211274,6.12872850589139e-05,7.23681823373154e-05,6.06304072014004e-05,6.98132256873352e-05,0.000185120031149305,9.97702356234315e-05,5.87854903100738e-05,7.07747250218053e-05,6.41933850322782e-05,5.97243462809458e-05,0.000320369465221392,7.51023333581276e-05,6.02142652175421e-05,5.91031225943067e-05,6.14290084716024e-05,6.38088243278007e-05,7.63982405222286e-05,0.000145281644498219,6.0557800470453e-05,6.32458112284781e-05,7.42714886620605e-05,7.62549752916372e-05,0.000428406751945271,6.3704339873064e-05,5.63351091975776e-05,6.07537517744256e-05,5.90902813360423e-05,5.79194190758743e-05,7.12820056129992e-05,6.04628893735766e-05,5.7313359879492e-05,7.3904719016388e-05,5.64605386265626e-05,5.84708033779624e-05,5.77858396389563e-05,6.33364392622062e-05,5.99322638578672e-05,5.91111992283679e-05,5.95649425857807e-05,6.03803130491866e-05,6.19876311072084e-05,8.30034827819147e-05,6.02554215042782e-05,7.35586034768605e-05,7.13000021241579e-05,6.66653582917063e-05,7.02855640543992e-05,5.88297550801037e-05,7.64393629042842e-05,0.000304781827655514,7.95683593771427e-05,7.13131110033125e-05,6.83297347079562e-05,6.18157487717114e-05,6.13162358665717e-05,5.83645261282673e-05,5.9836556730582e-05,6.60870314210538e-05
"delta1m0_pop",0.0816970729788466,0.0921282481929983,0.124647199298088,0.0988115389591936,0.11801004221975,0.0951633190512253,0.077241156981052,0.0989378569596563,0.113381551168294,0.129302442134512,0.102067509091779,0.101623379126037,0.0807326457412647,0.107226524868345,0.0796325404589338,0.102827045826405,0.0952060238567901,0.106558277638138,0.10205948612854,0.0978592031795314,0.08544387488307,0.0846705848424855,0.12978248068246,0.0969362814797523,0.090780063542992,0.109008607625701,0.112666790284935,0.106551053518844,0.100224243577127,0.116565993900318,0.092278459268355,0.127990331490556,0.115372561113314,0.0889941800545196,0.0962159674795725,0.126978409760701,0.116865525805515,0.128170566846535,0.0920437712390256,0.124059199309595,0.108082968273608,0.089351156731818,0.0824217286626241,0.124932854528593,0.112124541533459,0.0845884834072901,0.104714419962876,0.104828882903399,0.104911756548899,0.116916111366621,0.11093604972949,0.100967935624855,0.142112416955383,0.0988509667144189,0.105297321758497,0.0903023372544897,0.0922300840003521,0.0915846310834245,0.0857699377580586,0.0889168081750215,0.152252454002849,0.0945050048658071,0.0904654130802874,0.166777714258993,0.0911648024790597,0.0956325694368875,0.109875287308981,0.10616566266111,0.109265129252497,0.0939903808826589,0.0932787382800737,0.090550415855728,0.0935047101506689,0.110798616625828,0.0979324224075141,0.107570411315029,0.106594307866963,0.102761698522215,0.0965208368886901,0.101869108493326,0.130082476204076,0.10894036936293,0.128083971657885,0.115485096296603,0.0962018494532583,0.0886405319076642,0.0805054855895628,0.0957520514948661,0.0927991712025986,0.100005220281499
"delta2_pop",0.319967234475147,0.117360923435768,0.114770823688373,0.080891727492833,0.175820184259177,0.119698699469885,0.153595273614976,0.098713342576123,0.0919795731216598,0.098418594097538,0.125140028944386,0.0973095574892657,0.118840634158459,0.0738905156754163,0.14503206126737,0.146664322931493,0.163452237473067,0.151226223919025,0.156894671932644,0.0775509363608422,0.0842037908325843,0.235530114833591,0.083173381900771,0.0855318084112466,0.154566827493066,0.0681794728817807,0.190079312540089,0.118198825782014,0.153869226280191,0.101423005038486,0.202843533011442,0.062752107235164,0.0926836621039003,0.0709666411527954,0.0737256954389119,0.114264781384733,0.0835840591070581,0.103839388635354,0.242505781415349,0.116861181619201,0.160969672807113,0.211096234627379,0.258834675451311,0.0902156788362643,0.108635211200938,0.101303530130495,0.135771341770723,0.130474848537899,0.166240974310898,0.174903635261849,0.180089498499411,0.124630681642735,0.10353165132363,0.118867431467792,0.130090791882244,0.114697655792518,0.0870688599319872,0.170254465942628,0.147658588858073,0.124029952818579,0.102032977115605,0.140469372599712,0.154031641337367,0.0995049251895846,0.118805313855213,0.144676472670173,0.0889589359265386,0.145268995939287,0.125425344657795,0.0906668435901129,0.128515068474607,0.159861940368887,0.167714414920257,0.150025288938733,0.0664926974380825,0.101409258883571,0.0834428650813533,0.150246469589254,0.094799893083281,0.0981979138553635,0.0890679416974137,0.104080935654121,0.147908024445765,0.11276072766301,0.100312644459573,0.114925266372503,0.246142138227294,0.0960866705379397,0.140982467820481,0.106552485636682
"e0_m0_pop",0.0634721350522956,0.0663814997378364,0.0648368735870777,0.0488201779033181,0.0700960510509513,0.0631215563433135,0.0620281610444675,0.0638186959000502,0.0576903392583874,0.0618219373354932,0.0559619248089427,0.0580577623432161,0.0386949157414301,0.0697085533836396,0.0443827083791425,0.0558339119273004,0.0516511463825716,0.0668302221247891,0.0514496164788057,0.0590217228748656,0.0604597139675465,0.0610309355938573,0.0501649269175103,0.0499900559150341,0.0731516738291476,0.0742127829197777,0.059813071395886,0.0711398595410326,0.0615870154696481,0.0608254604699833,0.0638296127424809,0.0622235624341828,0.0594243882680287,0.067286174232896,0.0693588619770103,0.0653407595881113,0.0539975052211168,0.0641500282630887,0.0611981167497867,0.053873899126282,0.0655052322527067,0.0622183912423301,0.0529545188170772,0.0612710329905303,0.0412490640066188,0.0616219843734513,0.0526673163743634,0.046614262549425,0.0620562121108121,0.0653288526500432,0.0579831455408593,0.0631545076658766,0.0667268947435683,0.033092026989919,0.0543527779887317,0.055828937715509,0.0560232151205965,0.0488873200845348,0.0616469601661182,0.0546904334280947,0.0677743540129525,0.065340080442883,0.0516152653848088,0.0877715171437152,0.0542727288373961,0.0492503480560762,0.0550988827996792,0.0632585749037868,0.0648988376190102,0.0611100180426338,0.0420818140572397,0.0617626425699245,0.0599275871541168,0.063892326622456,0.0653770916639982,0.0666840036033031,0.069345097109846,0.0669073392390536,0.0613734107903671,0.0461800969729728,0.0636160183129995,0.0550433252567305,0.0755103733998387,0.0634872213160666,0.0642506493527035,0.0564716597389708,0.0611439785162861,0.0633234808414471,0.0565354824780545,0.0632709625644002
"gamma_pop",0.0774812120998353,0.0736744508626492,0.09534942932874,0.0744158866886407,0.0877749821257228,0.0927542155721527,0.0808149961358504,0.0903733863525474,0.0798945932954321,0.0811004641866655,0.0889423995186232,0.0771599560395387,0.0667205035073389,0.0794804470694069,0.0949002257615655,0.0787252842624068,0.0843623016320179,0.0968451556616369,0.0786814144664677,0.0757115434153221,0.0737346343214039,0.0739134328122847,0.0988375317647016,0.0912006505288862,0.0780830325873615,0.0818722377988085,0.0959749135950854,0.0680577423812328,0.0777399425049165,0.0735626488685466,0.0792174475643071,0.0922359312200543,0.0965807812646006,0.0835689832002197,0.0775344724792316,0.0866174756294314,0.0819020716417415,0.0564712860825711,0.067531275225354,0.0956035347540518,0.0861027107652257,0.0742156187340398,0.0725018522788656,0.107603893577906,0.0803559622606345,0.0720418055604401,0.091119635436726,0.0931393346572354,0.077757023557656,0.0883390830377578,0.0961120642622033,0.0865599673796905,0.101695667571583,0.0835209798799033,0.0795669266443146,0.0884539347814003,0.0924144027155883,0.0775392155196079,0.0810697834928158,0.0826678404711938,0.0873392082491113,0.0712713363007546,0.0810070512845016,0.0919972462980649,0.0677856784514868,0.0952910710960981,0.0733468440454966,0.0768436963627745,0.0889925072645713,0.100396140664802,0.0855182622427442,0.0675363821237392,0.0673670154440089,0.0695576385103748,0.0812679778487124,0.0649750635535295,0.0856026996958412,0.0872703402862084,0.0800200977423208,0.0831339717986761,0.0677621974237996,0.0847847041478405,0.0985236723709274,0.0624936837354339,0.0795410453574815,0.0919715043998598,0.08085507994385,0.0852304273282854,0.0773181380152047,0.0701029346514711
"k1m0_pop",0.0549500735799302,0.0588143528730421,0.0641755089822257,0.0483596580919378,0.0797916823470322,0.0551522626327533,0.044780109587763,0.0559649453899414,0.0513556721681664,0.0624595620367829,0.0683749812800996,0.0558549578610225,0.0651650781613014,0.0449507725206582,0.0567815423354919,0.0532328573216711,0.0638085181798098,0.0664059377356148,0.0687654082732519,0.0474740225612997,0.0522249990351607,0.0626559190361231,0.056531196025095,0.0546808812470209,0.0479661768055268,0.0543958331587915,0.0710907979041331,0.0554877893639183,0.0636447622890912,0.07688118646713,0.0645487838796004,0.0860151175606951,0.0554153608576203,0.0814990592980785,0.0460091197628902,0.0651242966717118,0.079397724596631,0.0727025568458635,0.0608107383652232,0.0691477580002876,0.0596518181969168,0.047419759679793,0.0569442590755689,0.0714205217899422,0.0722256606650695,0.0510712101468375,0.0664927147682476,0.0629511404131508,0.0692067641764922,0.0697272918657594,0.0718579089410059,0.0645911438428014,0.0824593618366478,0.0682462295746266,0.0576639518631663,0.0538887317200481,0.0420540665681678,0.0628404517589861,0.0421691572829741,0.0519790981412343,0.0845839662987611,0.054725989575151,0.0610466159743459,0.0765552511539717,0.0418512273222606,0.0680511037558895,0.0602343272971195,0.0704229483770011,0.0598247363893947,0.0516918785623717,0.0655852509799043,0.05142298874957,0.0562560548705713,0.0646353438976558,0.0493271880811879,0.0643859535628384,0.060156359060525,0.0577269958223679,0.0479129326863749,0.0440710921757479,0.0665855847376613,0.0562806090729489,0.11016984821982,0.0571039957141503,0.0600215171260917,0.0539807636969458,0.0488802421189315,0.0518019842427374,0.0660994065131328,0.0564032833358604
"k2_pop",0.0641627903281495,0.0481847485018083,0.0753231211977203,0.0509208611704934,0.0745739876928948,0.0572270985083449,0.049244309053641,0.0502859159641092,0.0573176010337,0.0566763957669263,0.0769526597981375,0.057785540031729,0.0702596401281744,0.0446408931066519,0.071851613280709,0.056633336008154,0.0604121897011945,0.0727816413231888,0.0672506190375238,0.0466766605610064,0.0435691902939318,0.0685030888849626,0.0821006172790969,0.0486910332096612,0.0499339262832391,0.0554422701196513,0.0721462175176155,0.0588382015636928,0.0647633856218282,0.0976228275899851,0.0692931111547914,0.0927652607757087,0.0576278281555705,0.0648082010213773,0.0523492368802454,0.0620356604924613,0.10961827188609,0.0548049640441443,0.0679848882103185,0.0687339888396058,0.0654224117952219,0.0505624693412272,0.0668184401523258,0.0926341414426815,0.08681392563656,0.0429959042903303,0.0728080345891161,0.0634620585428124,0.0669489381280916,0.0654509237317468,0.0820507451612183,0.0561932362921868,0.0891637216229716,0.0828161633363081,0.0595042496497245,0.0645238098686309,0.0512427874882189,0.0784519083697167,0.0530675211148035,0.0541496591660215,0.0760260899036497,0.0526878260329703,0.0653363879910294,0.101373105515207,0.0578387596966004,0.0770080937859423,0.0721396321937512,0.0763872723542956,0.0622771939010836,0.0525457412617957,0.0817929902472491,0.0622707189544051,0.0574499967450029,0.0619495671228847,0.0488063184848639,0.0542430124696829,0.0631193984265406,0.0655760736286927,0.049313220241042,0.0605311094657052,0.0650571736147351,0.0565566209677169,0.0971326089627509,0.051036174286745,0.0543141343264013,0.0605086792350308,0.0517740530111174,0.0496513350356963,0.0708943169126177,0.0533847565835269
"k2m0scale_pop",0.0352760402763163,0.0362612714783655,0.0398395261690565,0.0339690455601193,0.0501930232713777,0.0385949054673312,0.0365352988955246,0.0395952693565245,0.0391750828952121,0.0404601111285423,0.0424374648899265,0.0332844548487163,0.0429927375019545,0.0394097096054579,0.0394373794851054,0.0356861664617456,0.0383781394614922,0.0425197263573539,0.0402345828221199,0.034161144220755,0.0349826378555863,0.0397250125011806,0.0326987786513554,0.0365168791980106,0.0339475964639954,0.0401378742196405,0.0426081982385845,0.0420605809235537,0.0425785370074911,0.0465088996453644,0.0421351945732031,0.0408024251564117,0.0386811694560965,0.0348101615146094,0.0396108974862748,0.0392601883992097,0.048234939713749,0.041915913874581,0.0391555008268822,0.0391868118388982,0.0412888258859376,0.0351690925821439,0.0364114759813208,0.0426478608355519,0.048718013473616,0.0340966554850972,0.0411057788679109,0.0368884363867504,0.0385114936712447,0.0410531464586145,0.0436864201354244,0.0384597437195556,0.0481379443412549,0.0441072780696282,0.0377246124732441,0.036217196164745,0.0347562610030088,0.0394199387526232,0.0362515177204852,0.0359792283770696,0.0532444070095047,0.0353401657487069,0.0395618563039283,0.055056419947831,0.0406127040450937,0.0438569369300097,0.0388369964505811,0.0464452266623374,0.0383800195504008,0.0365881588467913,0.0419517351343747,0.0358641508123048,0.0408276352845596,0.0384623968348032,0.0349657713441543,0.034571067406952,0.0339215911358296,0.0391943029127067,0.036132774589021,0.037141953961215,0.0355199170686609,0.0365140348418223,0.0551394570031544,0.0357087966267297,0.0333196813526108,0.0355500889613073,0.0357452312284565,0.0379061707802641,0.0398606661844756,0.0347257812225313
"offset_pop",0.0121680540764487,0.0121932939126867,0.0121959460170734,0.0121775583204948,0.012174927701491,0.0121701119436478,0.0121576066962261,0.0121595617918263,0.0121511280744423,0.0121538029825364,0.0121556089675499,0.0121363991664714,0.0121648914666137,0.0121633203130078,0.0121648940925213,0.012185526442078,0.0121671984536348,0.0121588569736908,0.0121776427281761,0.0121598572740288,0.0121854420356832,0.0121725243802746,0.0123638317264942,0.0121610578992183,0.0121713032034129,0.0122081604922453,0.0121772859354352,0.0121544226716591,0.0121428276836104,0.0121645593420703,0.0122467113965073,0.0123935622557489,0.0121792098277905,0.0121946024818702,0.0121654965793194,0.0121867399251751,0.0123685115691127,0.012282673955219,0.0121828667971032,0.0121545001145785,0.0121815335953991,0.0121556634501075,0.0121572993836445,0.0122500431074372,0.0121556555630175,0.0121616108682539,0.0121542562803912,0.0121826077755252,0.0121349552128846,0.0122689644615588,0.0121603461329146,0.0122661348119701,0.0121653275954589,0.0121662248309908,0.0121696671421715,0.0121685911218814,0.0121569052851012,0.0121672894632218,0.0121701737875946,0.0121583780764564,0.0122489586013786,0.0121752240290119,0.012169320086949,0.0123305406182605,0.0121576248741486,0.0121722117567393,0.0121550142059411,0.0121617136700822,0.0121511879308743,0.0121637750761419,0.0121622876622517,0.0121757991880961,0.0121912430415774,0.0122048608898572,0.0121771069586676,0.0122149521603327,0.0122409255427563,0.012163165477343,0.012147980705569,0.0121451098621606,0.0121849745470497,0.0122384232681037,0.0123852743992256,0.0122586565143298,0.0122009651483114,0.0122005415825335,0.0122193270563496,0.0121743756894462,0.0121657771112481,0.0121728897423999
"omega_delta1m0",0.0574283921481335,0.0665736534426828,0.0909899269029503,0.0729470253113498,0.0844659333501433,0.0688776029883101,0.054430919401218,0.0739585052481563,0.0863109036587708,0.0940665776889169,0.0757333940731764,0.0721175943497492,0.0627601113039749,0.0780795185708237,0.0577696260845127,0.0754961373238092,0.0670284016557296,0.0809409702877253,0.0738491717296988,0.0703464014215104,0.0622203845236312,0.0597998063823112,0.0958717051152889,0.0735544381295894,0.0651695840288494,0.0785490129770573,0.079946022288638,0.0770026961137436,0.0725009750428523,0.0895451386144906,0.0672401410416381,0.0936560563568683,0.0848599248397411,0.0633018267860354,0.0688541999023923,0.0926385749013953,0.0903344275183094,0.0913129909769088,0.0651316756109711,0.0902038137420665,0.0793549334233056,0.0645083229966088,0.0619471733772015,0.0921956938476528,0.0843445337936709,0.0599888348478251,0.0795938104775794,0.0756499161639877,0.077202924044829,0.0849577771215767,0.0828422941251348,0.0744148018475298,0.105071618812383,0.0771133274272824,0.0768293382983136,0.0664064895205238,0.0683828842989786,0.0664065971754908,0.06178165390554,0.0653722864205908,0.110544937675021,0.0673576825102798,0.0666491191328249,0.123377767952954,0.067379034192132,0.0724019650588645,0.084881570642196,0.0783838898836697,0.0784297678929118,0.0694073800783024,0.0683569379171691,0.0633822657404752,0.066304700857709,0.0786756104575945,0.0699191879065091,0.077738832730359,0.0732369627769459,0.0738183735853945,0.0688134428917183,0.0756471566899098,0.0943239603503911,0.0798095344502778,0.09061455118611,0.0830665217658993,0.0689357049778462,0.064472892176286,0.0574768820522418,0.0689872719571517,0.0658496149376699,0.0706042048524644
"omega_delta2",0.32667637796529,0.094114638973719,0.0905438860208969,0.0574465138564933,0.162751878423128,0.0927645818415577,0.144408090708735,0.0768832553842813,0.0716180441574588,0.0802065708539279,0.103568363207085,0.0760196518638225,0.0955474643759633,0.0561411091637013,0.113836864898955,0.116644470865758,0.143920667447408,0.118563476977352,0.155067150153274,0.0572646285627284,0.0624605654410394,0.235723139830574,0.0677958731878184,0.060772758935435,0.128627831333763,0.05340970497726,0.17669357291805,0.103792150936868,0.130642977990514,0.0774888983561369,0.187153617881938,0.0480531829202965,0.0690721233065614,0.0533134053446564,0.0587150338716261,0.0863690847591374,0.0710182455188297,0.0761938037583311,0.242690343050504,0.0898751315110026,0.122451063079283,0.228810695454515,0.27954751267904,0.0710016117998574,0.086855270372903,0.0844329660028465,0.115812878405517,0.111628336802439,0.143598289602825,0.161331395514589,0.15610353033742,0.1059255976143,0.0843248947507306,0.102259722713815,0.11093505405432,0.0865602851887628,0.063060750363962,0.166231222835268,0.128877688386508,0.0965533947220159,0.0835207871050569,0.115832790252721,0.137958223040718,0.0769229377244366,0.101015397058916,0.115304160597147,0.0661887956738801,0.117867947583571,0.107168825673134,0.0690372129330591,0.103284196124516,0.151733589088311,0.157853251468211,0.129764377426038,0.051247656018163,0.0924480724953184,0.067671522853076,0.138068841790019,0.0767771640132944,0.0728411773025893,0.0691086752121278,0.0754133657969059,0.127770827860102,0.0872210016981396,0.0834875646388951,0.0910427470306081,0.24863933567264,0.0707401372458424,0.124715010079128,0.0887256463453024
"omega_e0_m0",0.0454110421143102,0.0472092308563218,0.0468256953634825,0.0344616692593283,0.0513721607510799,0.0455837324198006,0.0446304391003196,0.0465699519501793,0.0421506222303974,0.0457843930906453,0.0396191636618025,0.0410475465900966,0.0279700232252006,0.0504035433704146,0.0312738212348467,0.0401056152571021,0.0370986362792203,0.0494187023371687,0.0377040439466997,0.0414838975070303,0.0433287422066555,0.0444406057761268,0.0361982976693927,0.0358982024010554,0.0521011833234086,0.0532211526142754,0.0433905178953759,0.0520657744467215,0.044596176616076,0.0438795350976666,0.0461808499559233,0.043907936233374,0.043492396372515,0.047437242424654,0.0496663524433449,0.047117637866546,0.0399529484548163,0.0456283219927274,0.044223478865222,0.0388686473692163,0.0460962602348046,0.0440122087678264,0.0397466691816117,0.0441100421501948,0.0299414263695428,0.0440068472197487,0.0393469252938763,0.0330668704121983,0.0442883942187716,0.0462950342906073,0.041756731973954,0.0458667810231545,0.0483643840492051,0.0238984826488387,0.0398687404320107,0.0406760861187444,0.0401130737862231,0.0354802580696004,0.0444862207362406,0.0396325147720145,0.0495003909842932,0.0462947523701256,0.0365695185677983,0.063297217695691,0.040965241612187,0.0353744549759572,0.0402888763438877,0.0449572554796664,0.0465781903997087,0.0443159974410531,0.0307111876383816,0.0446681544924615,0.04373802984161,0.045193017881649,0.0465221214318883,0.046066517490553,0.049475700346882,0.0483973751385853,0.0436749112435996,0.0325962749877088,0.0459819477003613,0.0396179963661354,0.0550815132832396,0.045207923653459,0.0462067240267991,0.0403730414114174,0.0444009430667058,0.0450682621025383,0.0410531819946793,0.0450573816752085
"omega_gamma",0.0542802296769471,0.0547677361807983,0.0699992235022505,0.0573547108092621,0.0628920393029456,0.0688192176036676,0.0585082042355917,0.0670617454080798,0.0573262180003208,0.0583323318311326,0.0624447419577033,0.0555706280784231,0.0466184373721986,0.0579436189317565,0.0669380346110572,0.0591238778439945,0.0603857424098883,0.0692919774638384,0.0556788502719825,0.0566267375504841,0.0552146405162482,0.0521286002411209,0.0772820173731345,0.0695104336111099,0.0555153221731526,0.0605787018095587,0.0672718006365343,0.0481017807342417,0.0547145880998504,0.0512623904620288,0.0553336821298895,0.073949890830677,0.0704164020273786,0.0624005732515517,0.0567969940658077,0.0646681220419151,0.0569860129969362,0.0416794154181674,0.0479151749753603,0.0713764934359701,0.0609300408988662,0.0517103461084627,0.0500095669709315,0.0838238376474316,0.0566489912904699,0.0529252564029025,0.0646527972394856,0.0686936518133488,0.0543709465621572,0.062922315662798,0.0680894611458569,0.0624918950149586,0.0754184478222753,0.0584476703403148,0.0551662792814447,0.0622535388851499,0.0690466701586307,0.0542711114861637,0.0589306337994294,0.0609507739334163,0.0622291825035059,0.0515512234435032,0.0572543887952893,0.0655296462069285,0.0474959214543183,0.0667466269336886,0.0519449896693615,0.0536579098845664,0.0640173201697896,0.0762850034974571,0.0604401676007923,0.0476274180337038,0.0472343894804279,0.0500558753269496,0.0586015111660508,0.047163485064655,0.0623208229059292,0.063261634193708,0.057548812947262,0.0604654985111081,0.0519202259747811,0.064448686337729,0.0714500967941155,0.046550473941266,0.0600430036121052,0.0671402173031524,0.0589432132224803,0.0647562013987384,0.0540713730856656,0.0505576930278101
"omega_k1m0",0.0390475407547837,0.0414163078053877,0.0448927462465705,0.0345028362797147,0.0558231642955459,0.0396137661587607,0.0324341381352573,0.0398506774603501,0.036993114853921,0.044627493271621,0.0475664977954258,0.0395062540381265,0.0456496754634593,0.0328806559853411,0.0402513740781311,0.0376234452329862,0.0447852933174634,0.0469985802171445,0.0482060529746908,0.0336276871317286,0.0368766337785007,0.044111321794176,0.0399156656068917,0.0385747113773552,0.0342394739533167,0.038980118777545,0.0500026498841869,0.0397115764544292,0.0445477257778697,0.053576953220256,0.0451255733819945,0.0612632223813654,0.0390634071470419,0.0587917851774814,0.0329206425761473,0.0458901909358397,0.0558775099388697,0.051184781921014,0.0425744537947595,0.0490711725440884,0.0416314829002596,0.0338441861250362,0.0399342762019002,0.0509716662225631,0.050447003858281,0.0362104323647355,0.0467977541031496,0.0450712290608135,0.0492882960597816,0.0493831443926832,0.0501673459188515,0.0458799303761911,0.0582562375070447,0.0476602027212224,0.0409211613983062,0.0384808144828873,0.0300146085721366,0.0453528630373484,0.030208324946911,0.0370364444020228,0.0602591148433918,0.0387659743099811,0.0428070733080728,0.0537982410258737,0.0293209153909037,0.0476220782101908,0.042326809686589,0.049692445287707,0.0423983937972925,0.0363359229787828,0.0463658170376213,0.0359973892726037,0.0397790596004507,0.045607513254843,0.035235598891412,0.0461815203564541,0.0434583823670691,0.0409136702822941,0.0343501104377747,0.0313378564209805,0.0472578824229906,0.0398686969070954,0.0790988392530601,0.0408189797348786,0.0429271140927802,0.0378755597588575,0.0345864104661446,0.0370245528544308,0.0461979538560934,0.0396296932280195
"omega_k2",0.04542373927681,0.0342918086448806,0.0542219019491338,0.0363397725625259,0.0522113720295387,0.0408612795725688,0.0354775530035745,0.0354047074333994,0.0412560031869138,0.0401777963122803,0.0561373970459683,0.0418906337131785,0.050817782904761,0.0321251035600923,0.0513936078835946,0.0401909826183899,0.0430306438565379,0.0505763117801126,0.0475164592120111,0.0332976616218747,0.0311918973799079,0.0495705223652898,0.0580017110579536,0.0350393177637469,0.0351419571376418,0.0392669007262848,0.0516816117114324,0.0425234133342703,0.0463451616444904,0.0709421014410856,0.0499728224069368,0.0652150121155933,0.0420472623409168,0.0458372445723084,0.0374772672185593,0.0446727166535687,0.0804433646339089,0.0392741557087901,0.0493476425715428,0.0493316649689593,0.0468636950790045,0.0356081602785685,0.0491380431895119,0.0664003053626233,0.0640806489103071,0.0305614583845525,0.0506947833646831,0.0462930646157302,0.0476525223517835,0.0471940562115295,0.0574080252037951,0.0395924351861963,0.0622653314685657,0.0599951802519891,0.0419639359975306,0.0468770533433816,0.0361908120652702,0.0579223822109773,0.0378932459377387,0.0381959076951064,0.0566559902772212,0.0373310871570389,0.0468950836003584,0.078585079586526,0.0401597797640917,0.0546524682588971,0.0513904139638375,0.0551955239046622,0.0446391945211916,0.0378159987154607,0.0595336919342169,0.0445006024560679,0.0416642099514408,0.0442198215691368,0.0352730411199692,0.0389709668762363,0.0454546527148148,0.0470821751010077,0.034881293410251,0.0435935204853197,0.0472504406595735,0.0398769075900812,0.0692617127883075,0.0362837251426581,0.040334997061294,0.0430779242757458,0.0366069659806565,0.0349086761049071,0.0510537916051195,0.0381193141452398
"omega_k2m0scale",0.0247187254956875,0.0254071360146886,0.0280325790332217,0.0240408055877293,0.0352777669460124,0.0272254348428363,0.0258158223563391,0.0278822209287378,0.0277342139018806,0.0286828376232246,0.0296568861536609,0.0235326182920264,0.0301170369359948,0.0278436028808112,0.0278728788721392,0.0251534090631888,0.0271433949956775,0.0298051549654342,0.0279887157128067,0.0240080940668533,0.02475834160959,0.0278620717277213,0.0231832577189258,0.0256140045207494,0.023906967002832,0.0282896649482967,0.0299684546806418,0.0295408459109567,0.0298478060661624,0.0324722277918992,0.0295359333204433,0.0287454031012908,0.0272079723478919,0.0244580873070341,0.0279324580022093,0.0277641001158006,0.0337739166644887,0.0298019423854345,0.0272666470501543,0.0277353805472433,0.0290793869824434,0.0249371315771084,0.0256827786867543,0.0301160634489746,0.0339382612839476,0.0241769258252413,0.0287822259434694,0.0261080298282004,0.0271042914889962,0.0291904771149046,0.0306033149587683,0.0272029354811341,0.0339075652129312,0.0306138618491893,0.0265186170609776,0.0254146630499191,0.0244537812230436,0.0278193684341858,0.0256287928083278,0.0255431711136052,0.0372360609036681,0.0249880067605225,0.0276465238038083,0.0385453816344631,0.0285454373290443,0.0307252075659928,0.0273290884224007,0.0324963950540912,0.0272357741291744,0.0257809117372545,0.02939553097311,0.0250775581750728,0.0286490258807607,0.0272299202799137,0.0244655956294823,0.0242988049864657,0.0239292287819309,0.027617446237024,0.0254705079317967,0.0262013927544462,0.0252121399385891,0.025815916634383,0.0389581331885768,0.0250920537684328,0.0234896098384052,0.0250531044892296,0.0252415386888435,0.0266820879072194,0.0280327465494713,0.0244244862364841
"omega_offset",0.00863121046854302,0.00867469631105486,0.00866844468019044,0.00866090831396215,0.00864977520877496,0.00864557735041467,0.00862821034634277,0.00863691352287996,0.00862686463427927,0.00863361167090998,0.008640751566315,0.00862378422549141,0.00864953531338112,0.00863115249915445,0.00862504789524696,0.0086781378704803,0.00865209604395336,0.00864643040552353,0.00865095598297252,0.00863427479407649,0.00865817522733959,0.0086551934207966,0.0088733245113506,0.00864403105477454,0.00864746886959329,0.0086842119461916,0.00864261587984801,0.00863608085025529,0.00863096283871198,0.00864257424348905,0.00874828229638107,0.00894466824712371,0.00864980239594475,0.00869283740880156,0.00864248764747911,0.00867310247760345,0.00887745334392072,0.00882749027706245,0.00865463256711667,0.00866110605066867,0.00866186128971462,0.00863376570336616,0.00864389151353511,0.00871343985031567,0.00863540441033737,0.00863674716482055,0.00863891010131954,0.00866156474818829,0.00865006158973498,0.00886993374603652,0.00864171371322343,0.00871228022780025,0.00869093919697281,0.00866735679894905,0.008659557500225,0.00864992807318147,0.00862671541581188,0.00865232292207094,0.00865468766179698,0.00863589026876635,0.00871654763887761,0.00864199209702378,0.00863817670926642,0.00878568185250005,0.00862731213690794,0.00864703065380059,0.00863015445818735,0.00864648043077538,0.00862847368138855,0.00864530970550534,0.00864557851852926,0.00865286470399078,0.00865137174223488,0.00871262859725424,0.00865170734420718,0.00870353552249247,0.00878847268781734,0.00865085096539762,0.00862529996472979,0.00862519807265051,0.00869123987145461,0.00869330691369366,0.00892207360936697,0.00873052857775419,0.00871019570494752,0.00865910574958841,0.00868250509576287,0.00865556638832892,0.00864645395178755,0.00866946103373388
"omega_r0_m0",0.0347586577174852,0.0374582503643643,0.0427008805899592,0.0341849411020985,0.0382581150408552,0.0395187183079953,0.0330401857270189,0.0389880568102022,0.0357086898946022,0.0375523442015345,0.038455313792882,0.0374211672149283,0.0352689068305533,0.0342246251407263,0.0361271327092553,0.0381276010985279,0.0394908166439188,0.0413510526029442,0.039768052682583,0.0347850275995297,0.0355521019371886,0.0342486839621524,0.0410144681270714,0.0364163866080564,0.0351557192660367,0.0367251803955375,0.0405017070687523,0.0353969569148206,0.0356775522207606,0.0333621848944828,0.0371430042407465,0.047717787018191,0.0351076867676333,0.0343733593071086,0.0331750451026052,0.0421626655475616,0.0331444433106588,0.0509700476895336,0.034556909952111,0.0382495516728488,0.0385376272502402,0.0347667004594004,0.0343041881053944,0.0432004903578784,0.03342372086757,0.0368752867523653,0.0377947487144729,0.0378748275062224,0.044002102064321,0.0433071747627874,0.0399503715403307,0.0347712550279865,0.0448200224632322,0.039023103288358,0.0345294156141903,0.0344875649469259,0.0343118250786872,0.0324540863430762,0.0366328736953249,0.0355796161529617,0.0368797892697501,0.0372521799436283,0.0359602637486464,0.0433043086453353,0.0320161046641049,0.0403779291186944,0.0312650516468413,0.0431275131935154,0.0411067948427118,0.0361567603697066,0.0378582758376911,0.0331271615260259,0.0354380561544605,0.0463633925060363,0.0346104937889634,0.03812732118068,0.0380281402962047,0.0365536105565394,0.0350554564635976,0.0336320287242179,0.0413711177212116,0.0394584602467078,0.0448827961416943,0.0414775974044714,0.0351947000275745,0.0352719066038871,0.0340126855559175,0.0374100214123033,0.0354550069778719,0.0393554679615246
"omega_tBegin",0.0157677105684448,0.015408881329632,0.0152527782265745,0.0151509650827894,0.0157361320201477,0.0157319533075992,0.0155883327349863,0.0153451371100412,0.0155216816078112,0.0152689427608399,0.0160306254526384,0.0155028299273948,0.0158305216641057,0.0153042471113771,0.0157457868629121,0.0155104127181739,0.0159288455782047,0.0154204766080208,0.0157575116050558,0.0157247227392823,0.0159032477190686,0.0156834539611723,0.0150035853362691,0.0160068759323423,0.0153706891153509,0.0151579206938144,0.0156703311223453,0.0154908299245291,0.0158463615028876,0.0161363934742941,0.0159684429880255,0.0146273063827523,0.0153858161092345,0.0147740745158178,0.0154143729259518,0.0152127794820914,0.0157142502230797,0.0140715038619815,0.0155434536901575,0.0151140214589468,0.0157979567014516,0.0159645187166717,0.0159253422736211,0.0150360661504888,0.0160179280406855,0.0154535007405583,0.0158033663786885,0.0151542638876992,0.0156054013269893,0.0152026389432926,0.015767310664236,0.0151362349772765,0.0152072189784819,0.0156897925056126,0.0154933264546888,0.0157260885371305,0.0157468311012334,0.0157400803910773,0.0154770765491308,0.0154332996661307,0.0155174428163396,0.0154326508202602,0.0158570085739292,0.0156298219075298,0.0157123867215746,0.016034177873464,0.0156951759136673,0.0161840901250623,0.0156039686395699,0.0158485685696157,0.015747654803995,0.0159121856550374,0.0160521968860249,0.0148477070786334,0.0152096733036002,0.014823954084809,0.0152296809474792,0.0152680632918887,0.0153999563947222,0.0156164806705122,0.014689014097757,0.015732538329789,0.0152820514990708,0.014993314105047,0.0155254686640083,0.0159270290981594,0.0158610255592152,0.0155982286064067,0.0160362417574145,0.0159817504040482
"r0_m0_pop",0.0491739695627979,0.0525302501485025,0.0599576731290997,0.0478020314623516,0.0538803763169385,0.0551668270634141,0.0462807388758477,0.0548368672626829,0.0499007931493534,0.0522101906284489,0.0539621586103887,0.0527877787910391,0.0496347782494945,0.0481854129172182,0.0510461541095792,0.0536048658502917,0.0554451264674957,0.0577455544208183,0.0556482402900789,0.0489936126977922,0.049884014698523,0.0479971696446518,0.0575235354644158,0.0514616261707722,0.0498202814133554,0.0515185286341917,0.0575925317449985,0.0493985975848335,0.0505366113885889,0.0468602722123141,0.0523449630820764,0.0672443021791065,0.0492449118806531,0.048352837659537,0.0466822744994325,0.0592180177791658,0.0462396406435283,0.0726178009700308,0.049291662502204,0.0539158333033237,0.0542725943930786,0.0489464872470307,0.0479628773556099,0.0607388488173446,0.0473793739132745,0.0516760923308117,0.0530491598779567,0.0534059325137266,0.0618910648139457,0.0608120525743892,0.0563081938241634,0.0488287088953591,0.0631911646203526,0.0552131903452008,0.0490487910286903,0.0483819029811511,0.0481273129306636,0.0458220671166043,0.0514210488295727,0.0504114405301136,0.0521045776521767,0.0527805042159116,0.0508232944519647,0.0605628053941705,0.044711915711806,0.0568574245933788,0.0435954565950413,0.0608778650065879,0.0576255312792564,0.0502303647455422,0.0531757095455924,0.0463292590114963,0.0495992655291203,0.0655456217180636,0.049241637245629,0.0538102849125262,0.0531564715265317,0.0512220960396631,0.0495060848226457,0.0472225213088151,0.0580653983508006,0.0553708093705308,0.0629884208195701,0.0583776799733603,0.0497504342333156,0.0497740064898244,0.0475324905420895,0.0525374525044708,0.0500094685174496,0.0556907447961824
"tBegin_pop",0.0220345702545228,0.0216072885662083,0.0215252251719521,0.0214741621714331,0.0220999102184811,0.0220067557354076,0.0217506918448587,0.0217119891083011,0.0217420402563727,0.0212973028270732,0.0221927868643592,0.0217364030664493,0.0219934840612735,0.021592048174609,0.0219746705820483,0.0217093395065533,0.0221587991460324,0.0218867865552907,0.0220574134055623,0.0219492756976745,0.0221875999750521,0.0220522863558716,0.0209671338212066,0.0222467616232493,0.0217610751294422,0.0215148643280411,0.0219842164531784,0.0218167889318462,0.0220655640305732,0.0222864937265,0.022239400336254,0.0204110597030367,0.0217684785156846,0.020884497881707,0.021596525108579,0.0212854743363053,0.0220132468599094,0.0199369288304201,0.0219027485515234,0.0212486895792719,0.0219582702915451,0.0222298447335049,0.0221135121491534,0.0211222376338474,0.0222902918242094,0.0217345289840723,0.0220657639569164,0.0212861243601788,0.0216755413284309,0.0213393814173971,0.0220159245692753,0.0213164703134557,0.0214351667878009,0.0220297955849525,0.0217351816077722,0.0219647391596134,0.0219759822289386,0.0219095223133651,0.0218311104477587,0.0218567603702129,0.0217840373109971,0.0217507653894323,0.0222305375524523,0.0219763056412056,0.021911251161507,0.0223772713793593,0.0219533472851478,0.0223828019126535,0.0218882216342884,0.022154962287166,0.0220619153730915,0.0221270652273867,0.022418105394206,0.0210569463539664,0.0214886233906255,0.0210545524929183,0.0214560212574138,0.0216859383454099,0.0217469029302306,0.0218584302300151,0.0207724993273912,0.022090231163059,0.0213891151490864,0.0212995376282151,0.0217076037902194,0.0220824847994994,0.021989001865444,0.0218134193883437,0.0223596465609822,0.0220739807186886
