,run_eM7xfxjOhAnseGpnrDnK,run_NUaQDcnXtbe5Br1sCbi4,run_b43NpBOpXaG8jAxebmlG,run_8FCzH5b3RRLbSb7hEVV4,run_yDcprRcDZJ1pAFxFCoVt,run_8tuNcVMek4INasEtHIxS,run_SsAGTA4rwjzQqCgqpVfr,run_1mNm1gFIlJPUpQJeHvFq,run_JepPMA1LHmWYEqPMNbG3,run_mHpM8GLK9NCyAhWIo3zn,run_f8owUGGCMp0AbdZ2HIKS,run_c00AScsQZR5lIOmYZfvJ,run_OEATIxJB6qEbwlXkBo9k,run_rEYlY6wAFyp7yYXGEROI,run_kc4A6j0a8ZhVXdPHSYB4,run_rAEdUNWQvRKcYTnKsySh,run_dD24RCrpfS1wmlGSw3CS,run_7At8c7toRU5jTOvAUyyG,run_cK051P6ghpug8Aq0MHVV,run_Oxzk2Pru1nlOFzUZYkyx,run_3AhFhWBWCtJqVrIxstd8,run_OjilPMhMqf2e8UJ4vZNI,run_6SK4Rj0PfAK7ipJaGNbs,run_ncn84EAe31GT8TSjBN9A,run_ZtJxfZ4zXWglXbwCPuaT,run_0vrrlOSfp176OD5HVGIm,run_pGzI0ydQ4bQ6dQNayO3U,run_5QJiynhkaBhKY6Muy7kR,run_2zlllx4iRjBb6Gj9mIN4,run_EJ3Oj9Oz63G6zycvqL9a,run_q9WmDQejlDgR7OdVxKIk,run_gbQ8ef5PGjDmvRsgA4la,run_WpPZrrDyKUq3nr7rnO3p,run_scZ1xQnG7cFMhIVVxYCX,run_53gBmwIMhCfdpsX2jSDf,run_0ffFPldleS4HngMVoAGX,run_0mz4VSuWG9SC0Rsxml6c,run_ZleiGtRy6jLdWpoLwfaw,run_BJiVE3wo9WDDUjDXgAyb,run_TyxcfM0mX2s21ZF1hi3n,run_UUlbDGAG42WurmMSj5Ta,run_1xHqoqQnDOzlCHTC0U6W,run_VEOtarSa52PWw4pYKaf8,run_ePpgllm1t0O4oUblsDFK,run_aoIoFl6Akm0REvgcm8Z0,run_k5jtj1eigUY0cYYiNhgW,run_tj1Kx3VCNX5MhkaYeLpP,run_Myt6jpI9e1INBMSj4BCp,run_aO331DkXUiRKlTcVRUPT,run_lgO6WDARAsk0U6sjpZDw,run_o22n7jkymYIpnV154anI,run_VEH2cm88PRvebnKDChB2,run_St5u6gnD6fZ0rUn6aMkU,run_B3KS6VSy4O2CQ4KxZ3on,run_VNHXbkJHXM2VNfas9bCF,run_mJVsGpBqRyg0aK6iIzPM,run_icAcPLAJS7uzcXRDR9PV,run_8d3hATpWG4ywEiEDuAaP,run_AI5afZ1YJcUYNBhJEjB9,run_0uOeDDGr4DmPvuVKEAJz,run_oOTiQ9cAUPnPfc1vrOCF,run_P7pMnhN48LmabKRTmnJC,run_uOqcQRaQcoCibKmp4PC7,run_7VuqZScYWiBqUbkD349H,run_vj4uAEdylIGLmh61sjKb,run_oBs5jjJeDEnvvDQC5hWM,run_eLDwaP9lPQraoNMW6p7w,run_oD9EsEAyfzAGd7sxHFJi,run_ZCD8rLo8S84j3osbbLiz,run_RaZGbTcKqTW46oL8UNLJ,run_dGu0d7zxsfnJOAfy2cGo,run_U56cJoJpYu3v02dDHNId,run_SQbxl1bde7EtFtIJcAPa,run_eivfqiy7lpusMx4MF6XV,run_atEb7eL0qyHi8o3gjRTK
delta1m0_pop,0.277440423875223,-0.2447721665741,-0.266365408535325,0.324084689815666,-0.823861883784646,-0.309955709384362,-0.640013162894942,-0.473250291769595,-0.819534344273261,-1.16293946294509,0.185335639193876,0.123037871065941,-0.113532649435372,-0.606473415069498,-0.543812617853226,-1.49086253888548,0.346315902569044,-0.356057137816847,-0.996541241490957,0.118440322683792,-0.300110162175403,-1.38852172759923,0.430574698654859,0.72185429118307,-0.700654365609233,-0.533118865237224,-0.600243164204608,0.124499711499258,-0.242011847996865,-0.714267195171485,-1.09224778962913,-1.8347668778119,0.0581218183474188,0.0352766601481272,0.310099722807276,-0.565734999408414,0.525859870392504,0.0826559971947905,-0.0299342608772213,-1.2742396080293,0.23586302468229,0.408864326355862,-0.195529271090759,-0.121437581684756,0.227334367808929,-1.49629053840252,0.166923072887406,-1.10410797836077,-1.05335209407127,-0.308912298719932,0.226569281822824,-0.475270412622034,-0.758915856379931,-0.922123067914763,0.810974044429757,-0.38357763840906,-0.711417018205984,-0.323280790258035,-0.60376732014474,-0.656796092518105,-0.0274925969028989,0.262132179869971,0.506715768497242,-0.475482446779376,-0.471394543386576,-0.0616273846099693,-0.0708066327898584,-0.793520173967069,-0.022001580869391,-3.17864843557216,-0.222116585109354,-0.0048326714409003,0.537479936866959,-1.10398435379224,-0.396430763193974
delta2_pop,-1.57859683128558,-1.78048912639365,-1.80758947323698,-2.32095152085676,-1.27529692494958,-1.36054877312359,-1.39468237604145,-1.45196870181816,-1.36620499712434,-1.32288330951227,-1.99137124054881,-1.82709080711603,-1.79442969304484,-1.18579692055855,-2.09083399598886,-1.25416037638636,-1.57090896085715,-1.39316804609816,-1.03804480382985,-1.51427222373826,-1.37525284738637,-1.3433802409314,-3.04228925514112,-2.04572526145656,-1.65713483642459,-1.43832962463952,-1.22874172867169,-2.46837244584936,-2.19817367278902,-1.78649573311774,-1.33074444153127,-0.986140462672663,-1.81234545615878,-2.92478327269513,-1.86069419012142,-1.44465882091711,-1.74143718867605,-2.5539098677471,-1.75154434173655,-1.17547705906703,-3.86193170736398,-2.08381442187208,-1.77994378000078,-1.85417196502267,-2.20604270092678,-1.21583251463171,-3.71307131861914,-1.41691852564345,-2.12182939753101,-1.80635023921289,-2.5254881326407,-1.78909774215741,-1.54671932725651,-1.71640578153582,-2.92964892689283,-2.18521334936503,-1.79761402628344,-1.47240003626126,-1.8115675318654,-1.74737980286576,-2.57574993869498,-2.67427999065095,-3.88145404750927,-1.74251844036535,-1.52597078959332,-1.70312275517956,-1.55639323362069,-1.3858718250836,-1.73965604349191,-5.56019166188864,-1.28829438742547,-2.01024324681508,-2.41664917808897,-1.27285395260231,-1.31133315534577
e0_m0_pop,-0.167388797573837,0.0919101739165145,-0.0809650785807018,-0.8296667404652,0.632843377023456,0.0657368970255163,0.838537935209067,0.188446477758178,0.660606181314797,0.958193382133559,-0.483609362665192,-0.32553099963029,-0.152990603388477,0.602487343300969,-0.279706537197851,1.25343485882059,-0.837331339518354,0.190375180597873,1.19424580302292,-0.231396989979102,0.178649162629667,0.915360099092753,-1.39254166001734,-1.64414252473416,0.195863199789736,0.621083315302347,0.677000060350233,-0.990734769642285,-0.370679282621596,0.392811888475937,0.874187022771647,1.8930451835414,-0.0774099515639144,-0.131489411087539,-0.849042174392522,0.375038665991273,-1.24577801709674,-0.76522651483331,-0.165464640243659,1.3349928749285,-0.83823352488928,-1.21077994335864,-0.338997573666887,-0.200709019131783,-0.208124837755002,1.14652290134163,-1.31777704496214,1.24834490019366,-0.0049770219038501,-0.273831396735593,-0.906699993559447,-0.0419413270457358,0.889475768693198,0.232219191101801,-1.61821510853365,-0.153313313367942,0.110679775331224,0.220089979081118,-0.379212848839579,0.247468710722129,-0.0267082047223122,-1.15436132821647,-1.16653133152479,0.378435530613476,0.423423982576313,-0.169894639825394,-0.363107318232765,0.553542770048165,-0.358148208621171,-0.62585302324792,0.0362581431727532,0.288456519125837,-1.19472589908918,0.92085477879659,0.481205549295127
k2m0scale_pop,15.2499394340846,16.4232576632288,14.6610183884678,14.81771530218,14.3394899348174,15.1087833366678,16.321242868933,15.0534124898203,15.5420398658978,14.7602500493606,16.5792906142534,16.9597036964262,16.0023918591185,15.183983166849,15.9662838171976,14.9149673373571,14.9054674285021,15.0105757569416,14.4545484791066,14.3552782186066,14.9506115016997,14.5797001815108,16.5709285409225,14.9331939456465,14.7583463510123,15.9020476064616,15.6991624046034,14.4085790963817,16.9431598723262,15.3564166856258,15.2272775701633,14.2423161297414,15.5981980820395,15.5684422140084,15.1998671075848,15.7035777638125,14.7389852981992,15.9755084088204,15.0273950513842,15.6790613977386,16.6044542276267,14.9853523420364,14.3714791211272,15.207888381331,16.7829033215158,15.8153081678083,15.1065964917457,16.1960842542052,15.9129516031568,14.4026154920064,15.5963612780496,14.8480260722913,16.3618023169279,16.3665455465817,14.8674960486377,16.5181649101012,16.4563053484848,15.7752513778089,13.5821755571206,16.3580330772783,17.196849002768,15.6480671758392,14.8188127579671,15.7698511325802,15.9275224218175,15.7813619669516,14.6795474140242,15.2763292786126,15.3494411365525,17.5043726587536,14.3878421207113,14.8268635802521,15.5888957565125,14.3903081840688,15.0362414640825
k2_pop,-0.0315538294713911,0.382200013755432,0.43973979449396,0.292567659479644,0.530635448650499,0.187700793269098,0.119478256367649,0.207978514788994,0.40227466718636,0.56082484120553,0.15526056627176,0.142973171437578,0.3822557621647,0.111781073329694,1.05143746804298,0.7823426478066,0.174273284389419,0.263877651306995,0.254101398794209,0.125614366882651,0.233006486859116,0.647260477198825,0.425208180083744,0.145753264993601,0.761315213033754,0.226487063688428,0.19447436841282,0.61716182233999,0.633903285739306,0.288222520025404,0.637984443932895,0.475878681517474,0.110427142736855,0.376904581709308,0.164347400338373,0.394786667756593,0.221993149627136,0.531612213858615,0.301275861374978,0.32578958009171,0.458179588770842,0.25907921326378,0.503834434070921,0.25656886394753,0.0961252798993475,0.889006838854463,1.05857723561517,0.400222481425663,0.704563180836057,0.644125009557831,0.401289712950589,0.755951508199512,0.26587257688542,0.961845188830997,0.174194132750289,0.688064144421632,0.689074747914465,0.244541736739552,1.07952401862787,0.69415327076803,0.218973627892962,0.840276962532089,0.46829553757098,0.430244998348617,0.24888484402874,0.211400844342996,0.378480305011861,0.303485989531507,0.327774079784254,0.154415567559725,0.227765370203529,0.0384549224684311,0.187028830330483,0.550830046009071,0.0161011881401898
k1m0_pop,0.431906623445511,0.724620050181537,0.538300012145696,0.638748010950947,1.15795602179101,1.37946453439901,0.735217635057264,1.44781624104967,1.48834503222615,0.870582284466844,1.04591647718382,1.22307103189104,1.1062393834289,1.01694520372324,0.153123427703789,-0.384845919749857,1.27023678515138,1.11778886260339,1.06684368867433,0.457659763925303,0.966947346122728,1.48260101343064,1.24598605938182,1.32582316390323,0.630430284761248,0.608985866510978,1.19623273054927,1.03662170730176,0.997471539096012,0.737570622230563,0.817447550833228,0.999147449617488,0.242429043028982,-1.58386984581748,1.04159139743527,1.26332494262308,1.3546709824247,0.800415880918858,0.607828508953151,1.05494067228787,-0.788309313226295,1.20612597145148,1.46622991099809,0.850703350174153,0.165791249736082,0.464276495845454,-0.338710448238683,-0.148318048927907,1.08327063691091,1.51515205236059,1.04029347980183,0.514569409904772,0.2202583694447,0.413582642450907,0.835978014617573,0.0417809328994658,0.927353431841825,1.12771963002302,0.773998050546332,0.650949188185058,0.120042656721634,2.2117879141014,-0.440818828341788,0.0752967823990798,0.862843574940763,1.04526380931703,1.53671356622082,1.31545637225411,1.11708191751384,0.602167932599806,1.13316376706893,-0.597371633791643,0.943770916455416,0.767597311675518,0.605024116779688
r0_m0_pop,-4.27021043789305,-5.7918659003756,-3.97304485181988,-4.21723556831906,-4.0572636131377,-5.06830379964093,-5.78204344667647,-5.0113192922004,-5.54792741404583,-4.31460795093569,-6.32433394097532,-6.79098716856233,-5.67131194451417,-4.8568228361392,-4.85023189208729,-3.36488740842905,-4.75897410658342,-4.80881207282216,-4.10485022545016,-3.58477787116027,-4.62677133647574,-4.45925660441215,-6.4822847393251,-4.89280083627018,-4.10179360640221,-5.24541930472926,-5.47074081900517,-4.08492783806332,-6.6284569960784,-4.80570955754439,-4.71485804030981,-3.86560671077343,-4.65903465196872,-2.94465507707657,-4.94779554529864,-5.55990301774287,-4.67556225599114,-5.50524690650743,-4.3657277065775,-5.39428873699046,-4.68367330003367,-4.85559660694367,-4.38478708438544,-4.79002678368809,-5.7205731741212,-4.96940897547225,-3.5057941014387,-4.85348941423068,-5.53840984664942,-4.35849958298891,-5.34572561860816,-4.04174535950248,-5.3975972410249,-5.46193561924266,-4.4422329639327,-5.35065073924216,-6.05499736111096,-5.53006390867485,-2.89132485284879,-5.72144707463149,-6.15412411731208,-5.68081489519587,-3.27919512243656,-4.64147051450306,-5.51953174181655,-5.51934600110384,-4.67675043035879,-5.18590234243598,-5.11576993735494,-6.89357550438213,-4.17967595830294,-3.13730089684803,-5.26197213751739,-3.86044793606214,-4.3767009471038
gamma_pop,-8.27589204933081,-8.55281412949309,-8.67240574051844,-8.49743762585685,-8.79682510106345,-8.79683613640172,-8.14050475607904,-9.13076954160523,-8.93093513119402,-8.85888384822936,-8.40795267719393,-8.46941783646402,-8.71701712416228,-8.58761982400583,-9.38136434206611,-8.79052765418879,-8.74017425213528,-8.61665347272176,-8.41750169952598,-8.2912956056948,-8.46013901046908,-9.3971123699179,-9.07682218018542,-8.64835040389274,-9.12013752861372,-8.33239047459931,-8.46927668959579,-9.00009262000995,-9.2550746194757,-8.90722305470678,-8.77109682008221,-8.53519742442016,-8.13036189567064,-7.95039825652665,-8.60023270643961,-8.78630735190868,-8.73070325181124,-8.91207220195228,-8.42421277585331,-8.53837613956991,-8.3436167353157,-8.72653969921143,-9.10495263593141,-8.69751383810097,-8.0970802729096,-8.9805598686257,-8.92958620821524,-8.272173685085,-9.54936663961131,-9.40732868617106,-8.82620881544316,-8.85817427661674,-8.28985214991771,-9.54293855113349,-8.32117208072212,-8.9137916754056,-9.49721138581007,-8.55280204714085,-9.82169621341442,-8.98545496005281,-8.16417895426271,-9.3588983310436,-8.15624390038909,-8.37014330865573,-8.41640593485088,-8.51174265605943,-8.96759005760669,-9.01098838448275,-8.68785533500189,-4.32500100627049,-8.53545457995885,-7.72001829910968,-8.53250002158023,-8.75401096561232,-8.37844849540281
tBegin_pop,-0.345777409875904,-0.346787147968627,-0.354328397226869,-0.353300459036692,-0.336995435085052,-0.339529093243331,-0.349492778606157,-0.335595504877655,-0.334745569526754,-0.345847236239399,-0.348196529506205,-0.341715008010477,-0.340003455725419,-0.345272543171172,-0.349415563713942,-0.358187463552456,-0.340913426238665,-0.346684033162014,-0.341107133368628,-0.354696244202826,-0.348920122498133,-0.327327652962445,-0.345521215109434,-0.344582102393413,-0.347900491460392,-0.352283799002022,-0.340145113255288,-0.344010386865068,-0.347276816460667,-0.348374385054951,-0.345399757386762,-0.341107062893162,-0.358587337565622,-0.368569626704733,-0.348883674438958,-0.340077219822897,-0.341932468489089,-0.350339166053305,-0.352313615585961,-0.344562136657065,-0.360660169334756,-0.345745456619386,-0.336610004659341,-0.351227783340657,-0.355128213745893,-0.346766747716019,-0.351250318584523,-0.357689537660321,-0.336141585046911,-0.331337465859434,-0.349992338508066,-0.346777159350394,-0.357827231336213,-0.346324938858463,-0.351915696099904,-0.35562823387157,-0.34532365208535,-0.343399129603713,-0.336376915406897,-0.347769068416011,-0.360036123284129,-0.307821542474578,-0.364032443832219,-0.357867062570296,-0.350661631903938,-0.347333946042457,-0.332586401671905,-0.339415108672805,-0.34503310377993,-0.355680379209982,-0.345487758959739,-0.366138703892266,-0.351759671096855,-0.347624654585824,-0.352829502967536
offset_pop,2.0817413071358,2.08123062482314,2.07971336648105,2.08008897975925,2.08123983330239,2.08083558604613,2.08009712350788,2.08154792749957,2.08150727002692,2.08070031021945,2.08028549091351,2.08129444126228,2.08126414666332,2.08037970795487,2.08008691834427,2.07966782595634,2.08120183693833,2.08005574159852,2.08152182354487,2.08006627594625,2.07998361061891,2.08289559562783,2.08020687461775,2.08036526706304,2.08045655093949,2.08032112900298,2.08106369649423,2.08030277199841,2.08000691261725,2.0804095615164,2.08058437018539,2.08149357765474,2.07976957823256,2.07942659144027,2.07998708095465,2.08098809704447,2.08091540610783,2.08018340376134,2.08050377960978,2.08057403983784,2.07956746239413,2.08001372016082,2.08091957654414,2.08006348061467,2.08070725668189,2.08113019587447,2.08009981994808,2.08018278994144,2.08167792095189,2.08183190746696,2.0798248604982,2.08066458950283,2.07970524534576,2.08071101037174,2.08028868834773,2.07974448909927,2.0805884245196,2.08087631041626,2.08187225073416,2.08052948715574,2.08004947642705,2.08640420125734,2.07927598480281,2.0801063529244,2.08009978196701,2.08017890348331,2.08172647171035,2.08084858038712,2.08071431826913,2.08039859981078,2.08056467263533,2.07975673858812,2.08007509411891,2.08013776834972,2.08002354532417
omega_delta1m0,1.11751015350009,0.943726233145498,0.821464609046488,0.865076512144055,0.82687160008862,0.819014746281227,0.785603915647485,0.948415450578658,0.732819842803676,0.813055731200201,0.759725838796943,0.839194022968297,0.930670056565089,0.847996339544585,0.738643982327962,0.7903127549044,0.866212586698044,0.736436610321773,0.901693367745312,0.828539351375736,0.729115467648752,1.1098629114191,0.733213025140533,0.793171071523316,0.79841028915762,0.836186764861034,0.83685161774223,0.806191865093217,0.7182434241705,1.08347109900527,0.7338465548512,0.876871168938743,0.807383585770274,0.868559723565113,0.779660312304816,0.762171321982809,0.895726558301789,0.782304824646034,0.864886568441997,0.807878140164394,1.07714390118834,0.81583418884887,0.711387793263067,0.837815837858502,0.883702254596162,0.792124195277995,0.821807412558507,0.847283564965682,1.48965904938798,0.760845844734464,0.752516040465799,0.835772525037694,0.770303361328924,0.909760691567621,0.882322251844503,0.871157754924913,0.92117023812026,0.80498532416552,0.976632379811975,0.748664059801312,0.821283950642832,0.854654099865174,0.868768439325422,0.846647915534028,0.775930915985427,0.755512738699547,0.794527789083416,0.927114957731619,0.797855239707498,3.24198017925022,0.765241892763305,0.807594158195859,0.783807814713006,0.800974519026864,0.835738078215703
omega_delta2,0.45234452966152,0.770012767900428,0.836696431247867,0.929755058168571,0.703803374239218,0.557943656354589,0.558938480004304,0.682330567537457,0.744863021096103,0.753331481571109,0.789400789340326,0.676326614450388,0.790939732444669,0.463430740412515,1.21089746023003,0.698300909076109,0.449222751148007,0.581092006408054,0.43281386464776,0.480817967762782,0.524211693980073,0.918134099748975,1.27610184166333,0.56320040627532,0.981629472998853,0.594272131502148,0.484489468253156,1.18429114523662,1.14965817574012,0.959328750810534,0.757641294845384,0.548337930761874,0.655003554655502,1.31719773244516,0.649664667439136,0.667105945049265,0.430007080653088,1.18454616979968,0.689217724211278,0.585196986049939,1.83602792698011,0.868935483238735,0.912340971185225,0.818495866271118,0.8290391675023,0.803186876085659,1.80138524329944,0.705622019539959,1.37061739767998,0.942321042405681,1.12834407779373,0.957752540353326,0.698761891744616,1.07213014701986,0.968667701789645,1.15632521531291,1.0662499416294,0.592643756414832,1.19355788345785,0.963892525917114,1.15025174244686,1.20150708491024,1.63323027687913,0.796509071568347,0.669223011013443,0.692982387919786,0.646346496249929,0.73847567625846,0.71931542434272,2.78912786981635,0.465664267121304,0.75657624776299,0.846084318531672,0.706073817645056,0.475910582758247
omega_e0_m0,1.26412658555633,1.19664574710356,1.04125397080728,1.14008325350881,1.07075574783203,1.07438402204377,0.993660668366292,1.14464267192015,0.92455725797578,0.981641080821564,1.05823177936111,1.15779802486159,1.20341815546885,1.10363923326983,0.995319820518738,0.992208571060203,1.19207416843161,0.955553915949087,1.12563130785132,1.04702828638179,0.968337810334048,1.12945584520501,1.00465780262165,1.18703995427923,0.986311925771008,1.01353401248949,1.09429379193495,1.17656814175,0.949770626685674,1.13460160055929,0.971555696313645,1.03952512502541,1.03407996192633,0.930339535666112,1.13187207586487,1.02458057150418,1.27152261430827,1.05417018630026,1.08303142893186,0.977209020605844,1.14464425898517,1.19964848329247,0.979516485378142,1.05013136815114,1.08391898253846,0.99811364168983,1.13688930449087,1.04537743706531,1.32601183824927,1.03758635991052,1.00277545019809,1.14614793445653,0.945060511512924,1.09943756466014,1.1289109125302,1.06809698031312,1.09687057259177,1.093115941925,1.21113976041307,0.96285402954823,1.0364940498055,1.34495132019614,0.98608974295935,1.0613315154405,0.968007295655248,1.04788782365475,1.14600593593065,1.02125893448887,1.08060612483851,1.29089862724685,1.04765056670351,0.97032830619055,1.08573622258383,0.971315504008735,1.10514339347339
omega_k2m0scale,1.0762757749329,1.02200474406151,1.08915597517507,1.13709434232834,1.0623840893773,1.16126460594256,1.10946466404679,1.17623527662292,1.15428641411328,1.10559477501236,1.07577031064993,1.091350137935,1.07333416742104,1.11355587472698,1.0507548361929,1.04737828301398,1.08683553327418,1.09770962165924,1.06403878172429,1.0588374117771,1.10517462909599,1.15904305979442,1.14143619725912,1.09822421046347,1.03480731809875,1.03762421564326,1.04978090569619,1.12741072554939,1.11488915896124,1.08132343565833,1.02521943552167,1.1438577236799,1.10223359674439,1.07464514431042,1.15293066933708,1.08267250094681,1.1046967631148,1.11122241129006,1.00955811829023,1.13445925346225,1.09273697048566,1.16284123204225,1.16958585945913,1.06040252924229,1.0388595981955,1.06706207593071,1.05420314607571,1.03476019304321,1.18768562010764,1.15346386427206,1.13603629337974,1.08284945171032,1.06227630750075,1.07734120636308,1.06789031913837,1.11540923523058,1.13489129119735,1.07049280061316,1.1197289021338,1.04504429413617,1.07060018210513,1.13209038598424,1.03368526516753,1.04224591151682,1.08379751617384,1.09780408773157,1.10229050373922,1.14491597190795,1.05861268135422,1.22272445651903,1.08244442745867,1.07839859770875,1.0432218330956,1.07060397264899,1.13253313916402
omega_k2,1.29216666741528,0.807961847613677,0.82961895498468,0.808798361230581,0.769438139309757,0.857767841474335,0.674050326269011,1.04082059097356,0.621677747717006,0.720004725216893,0.665820838094637,0.64631874390151,0.751968435338163,1.03325998120085,0.844091816926089,0.773954127549372,0.783904567810999,0.627373019164406,0.605176240219953,0.853465143644194,0.622082856089721,0.918733208328197,0.757183054778768,0.711691916255145,0.797967233672611,0.711094319108159,0.694392951929216,0.812182054278139,0.726091457934003,1.16455549367937,0.788939536547745,0.694357792719218,0.78665628832275,0.992943752248179,0.812921570953781,0.670903136505865,0.629943218216615,0.810659012058517,0.745420926618107,0.64496653243285,1.32227055217846,0.766893718954932,0.658592331965526,0.844466684833368,0.8357694546588,0.836165155350376,1.05907845289701,0.851728683614355,1.1427162782549,0.739656138588963,0.695107495604622,0.926197634463347,0.74699868158776,0.90366334786164,0.678662656538876,0.950471386975939,0.822786693949302,0.652076512278874,1.05088866794073,0.826493015471078,0.831687533874568,1.11850792888258,0.98524163105041,0.854211656068352,0.680327595361428,0.663650195026928,0.680028348215478,0.873718341151393,0.694185652632012,1.42759155146945,0.610340310604723,0.787763290589775,0.789480019731729,0.748711296943878,1.10466757523876
omega_k1m0,1.24802325599004,1.10944047183112,1.14121500680908,1.16839475288291,1.04798216577211,1.05504581091639,1.16305743891222,1.13349653419788,1.03304369098591,1.03904263906642,1.0579851944266,1.01163077699499,1.08075765798669,1.17254367633793,1.09659777145884,1.17582341953052,1.08188455819918,0.98916651802968,1.02126774012076,1.21689152397328,1.04941191793285,1.17679727584102,0.968718849616693,1.01339480302512,1.04315742896054,1.11148654614223,1.06516896554548,1.12323740195646,0.972385119551367,1.07502003010577,1.00650879734154,1.03622695544629,1.28603074702454,1.19402006260212,1.13106035400279,1.00756182949993,1.00216251515715,1.09177671710855,1.09762573601404,1.05033101278475,1.26302385121608,1.1117603347634,0.985679163765307,1.08699908682094,1.27512171246981,1.04436463837203,1.18859413875196,1.16124843786283,1.16234066899478,1.21812406159603,1.03889685510017,1.14472532819237,1.18704727340138,1.10155528978795,1.1403550086429,1.27591810018454,1.02479147948736,1.05679333094307,1.06494766037735,1.03939795081137,1.20879129225761,1.85982267472852,1.25814240921458,1.18024169580533,1.06798549211371,1.05172410242678,1.18582962239256,0.999398011756397,1.02262475329244,1.01456906411579,1.03454766011243,1.26960187958742,1.10429584707912,1.06910243433012,1.29067344703027
omega_r0_m0,1.02999231662968,0.986418014627609,1.02791655549569,1.10891405158503,1.01662737523976,1.08392065402334,1.05231733215468,1.10539756525244,1.12370688028166,1.0208604201754,1.02269709013681,1.04075302783485,1.02346632745006,1.04514766615099,0.983061039910192,1.01309232585542,1.03503270379643,1.09536885588156,1.04071615676588,1.00412545856473,1.01644282363035,1.06401184481841,1.12789093630751,1.04879919463036,0.985767935785167,0.993388595930379,0.978381979295017,1.08235929304701,1.04620667993012,1.04323999043219,0.980302671873207,1.13906330275522,1.02032874416963,1.05117110868483,1.1481955168792,1.0209579684238,1.0724643478034,1.0485700089012,0.984935257451542,1.05643955237154,1.07147743952652,1.13809581575196,1.08978817662707,1.00228185036686,0.97576908687159,1.03431110187334,1.01056681977917,0.961224752724286,1.13978732179621,1.07117485109326,1.05402485934392,1.06009305728842,0.963649733141878,1.01726674120048,1.01976532182694,1.08844805890542,1.06342271867595,1.01181644690321,1.0629211478906,0.97933681916469,1.03132657512792,1.09085894864688,1.00409285295069,0.978214101957122,1.07279738157631,1.04672451076554,1.03677526768618,1.08412349054131,1.01211432372393,1.18790204177027,0.983224576356165,1.02495794836095,1.0018118194597,1.01608483515435,1.05453419848325
omega_gamma,2.86994956315368,2.31893508109272,2.46960832227893,2.3816240110984,2.41639266234364,2.7772903917544,2.08784936500214,3.41214423882857,2.55704170097899,2.62068517965691,2.22236870450937,2.26039639517895,2.40257940506803,2.73753621890259,2.83985719748268,2.47554937238008,2.54279783893061,2.32117539110441,2.18180414443647,2.35062852341135,2.17876221274335,3.92229672143533,2.645843842962,2.40938512480879,2.70196040858523,2.20195804714948,2.30974914905365,2.52739961250411,2.68696687088903,3.64764273942158,2.37248407775084,2.25991785900355,2.1909021375961,2.16280272804743,2.5292871191701,2.37200174488061,2.37920415131866,2.52005823045861,2.23896807568431,2.26739546455013,3.00580887981576,2.47782313405871,2.58406044581409,2.68972309745619,2.23745698641213,2.51036520698232,2.56138330705256,2.19763180821223,4.92622672941909,2.87471371871312,2.42866668098482,2.46199274978245,2.20700464084404,3.32314316180578,2.1858276408382,2.73309261507045,3.30861251107662,2.28169375120691,3.77431128100722,2.55963162084644,2.19152967117819,2.78580858616966,2.20547879958637,2.23690347772903,2.21910587661949,2.26899313189162,2.50221675054109,3.17933987392267,2.33739481725253,4.95169122171438,2.24968906183789,1.98789958529709,2.39093549175553,2.49041676809981,2.73044707640237
omega_tBegin,0.689293548666008,0.68848525403435,0.692172630378739,0.691251158411145,0.676078519917171,0.678328665261746,0.687062509904892,0.676052313313358,0.674687513720743,0.684033446202693,0.686653944493807,0.681746523233703,0.680867672742298,0.683632728846269,0.687496235508647,0.695623482005401,0.680726597928431,0.684967587592658,0.683074029655333,0.69361295521174,0.686882637571286,0.669634139388174,0.682779740120713,0.683859327602524,0.685752268405185,0.692146087773383,0.680458237080767,0.681976786373179,0.685564286689048,0.686566354282616,0.684502258434362,0.683420414705235,0.697328700148442,0.705600805348629,0.686020471521649,0.679024615671373,0.682713085216453,0.691183204898266,0.69254138360513,0.683319835236343,0.698218799357184,0.683189108259627,0.67527945097951,0.689772029748182,0.695752530154431,0.686985523325372,0.689784328938128,0.698132199819955,0.674728563126193,0.67142065340045,0.688779302256418,0.686023562213494,0.696655529159303,0.685940744125089,0.691745772782681,0.694033650692917,0.683745048664287,0.682935043894088,0.677564119536972,0.685050185363025,0.69939497393935,0.656813298129345,0.70121880013016,0.698901121536803,0.689032519187988,0.685145523710429,0.672656130858536,0.677836072678289,0.684520864828763,0.695743665998841,0.684412154629807,0.705812895927892,0.690939892594557,0.685493925682027,0.692639788326098
omega_offset,0.0140955615379656,0.0099354178351205,0.0007246146633617,0.0036861419186559,0.0091476430737159,0.0089123825848077,0.0053536431481158,0.0120661342265754,0.0113949713807297,0.0073567243522373,0.005047497136909,0.0115685583824616,0.0104964403373691,0.0038012420561448,0.0017636465014585,0.0028997058642085,0.0119671905433303,0.0036699163874399,0.0130149279206142,0.00405421077607,0.0029073158666326,0.0194296723357991,0.0028977293587434,0.005685311164389,0.0041953053331519,0.0072830146167905,0.0091107714414347,0.0026344762178269,0.0023759915295761,0.0059061919616183,0.0046003493146909,0.0203496862289811,0.00363792953728,0.0011668525908954,0.0043942470634002,0.0085416514056387,0.0104638426332739,0.0259845752291196,0.0081197188159485,0.00460672291144,0.0032245702737691,0.0021540528433285,0.0065091930762729,0.0017513395508944,0.0102967033501767,0.0098457334173244,0.0052749067912738,0.0071824092400118,0.0144462038067661,0.0165826617870247,0.001450485084322,0.0077090494708963,0.0010481927745167,0.0073362805776967,0.006836999596269,0.0036906612605392,0.0051500879827943,0.0071207482964189,0.0145903551579314,0.0060970793692863,0.0062931407390782,0.0403475525924572,0.0015319171043438,0.0049197876110904,0.0026648890100887,0.0042386690206139,0.0155201606263594,0.0081790167862653,0.0079450999960283,0.005709752855688,0.0060747730958015,0.0019714383368863,0.0059556215436281,0.0022944100081395,0.0019243341648038
a,0.0344112462514226,0.0333069515066547,0.0323065392445967,0.0325874900865056,0.0325677299124468,0.0323472191060888,0.0328772275518957,0.0329324223849004,0.0324453847728137,0.0323782192722858,0.0325166530623033,0.0328169374422652,0.0329882176878461,0.0326241779850424,0.0321504267532199,0.0324744714164757,0.0325735960890068,0.0321558291824154,0.0330686256122206,0.0327706488757138,0.0321384292798097,0.033690320583298,0.0320240270418257,0.032095360460095,0.0324347990062781,0.0328351140095764,0.0329510259367007,0.0320158496549044,0.0320958221515705,0.0327718141122375,0.0323988590941503,0.0371129461235694,0.0331080191861808,0.033866178413024,0.0322705997936931,0.032296037276795,0.0325726211036909,0.0321747794754182,0.0327493086824735,0.0324719254073381,0.0337322165087216,0.0323653131589233,0.0320391506040508,0.0322020387135957,0.033673363631429,0.0328084923818541,0.0327197738143892,0.0331724812223467,0.0335125124816791,0.0325579859033305,0.0319927226011856,0.0325680561610434,0.0328292410900255,0.0326607427684852,0.0326260421030466,0.0325678248989596,0.0328840787003567,0.0325911514314642,0.0331862007474276,0.0324126046036212,0.0332375040021295,0.035042427839373,0.0332969521900779,0.0328662354200672,0.0324357657707671,0.0323228263986481,0.0325667618160748,0.0325030807048407,0.0322290353659018,0.0343636228464776,0.0321831841658141,0.0340557200433637,0.0323947595505377,0.0323683062639197,0.0328217941601031
